-- phpMyAdmin SQL Dump
-- version 5.2.0
-- https://www.phpmyadmin.net/
--
-- Host: localhost
-- Generation Time: Aug 26, 2024 at 04:33 PM
-- Server version: 10.4.27-MariaDB
-- PHP Version: 8.0.25

SET SQL_MODE = "NO_AUTO_VALUE_ON_ZERO";
START TRANSACTION;
SET time_zone = "+00:00";


/*!40101 SET @OLD_CHARACTER_SET_CLIENT=@@CHARACTER_SET_CLIENT */;
/*!40101 SET @OLD_CHARACTER_SET_RESULTS=@@CHARACTER_SET_RESULTS */;
/*!40101 SET @OLD_COLLATION_CONNECTION=@@COLLATION_CONNECTION */;
/*!40101 SET NAMES utf8mb4 */;

--
-- Database: `db_test`
--

-- --------------------------------------------------------

--
-- Table structure for table `auth_group`
--

CREATE TABLE `auth_group` (
  `id` int(11) NOT NULL,
  `name` varchar(150) NOT NULL
) ENGINE=InnoDB DEFAULT CHARSET=utf8mb4 COLLATE=utf8mb4_general_ci;

-- --------------------------------------------------------

--
-- Table structure for table `auth_group_permissions`
--

CREATE TABLE `auth_group_permissions` (
  `id` bigint(20) NOT NULL,
  `group_id` int(11) NOT NULL,
  `permission_id` int(11) NOT NULL
) ENGINE=InnoDB DEFAULT CHARSET=utf8mb4 COLLATE=utf8mb4_general_ci;

-- --------------------------------------------------------

--
-- Table structure for table `auth_permission`
--

CREATE TABLE `auth_permission` (
  `id` int(11) NOT NULL,
  `name` varchar(255) NOT NULL,
  `content_type_id` int(11) NOT NULL,
  `codename` varchar(100) NOT NULL
) ENGINE=InnoDB DEFAULT CHARSET=utf8mb4 COLLATE=utf8mb4_general_ci;

--
-- Dumping data for table `auth_permission`
--

INSERT INTO `auth_permission` (`id`, `name`, `content_type_id`, `codename`) VALUES
(1, 'Can add log entry', 1, 'add_logentry'),
(2, 'Can change log entry', 1, 'change_logentry'),
(3, 'Can delete log entry', 1, 'delete_logentry'),
(4, 'Can view log entry', 1, 'view_logentry'),
(5, 'Can add permission', 2, 'add_permission'),
(6, 'Can change permission', 2, 'change_permission'),
(7, 'Can delete permission', 2, 'delete_permission'),
(8, 'Can view permission', 2, 'view_permission'),
(9, 'Can add group', 3, 'add_group'),
(10, 'Can change group', 3, 'change_group'),
(11, 'Can delete group', 3, 'delete_group'),
(12, 'Can view group', 3, 'view_group'),
(13, 'Can add user', 4, 'add_user'),
(14, 'Can change user', 4, 'change_user'),
(15, 'Can delete user', 4, 'delete_user'),
(16, 'Can view user', 4, 'view_user'),
(17, 'Can add content type', 5, 'add_contenttype'),
(18, 'Can change content type', 5, 'change_contenttype'),
(19, 'Can delete content type', 5, 'delete_contenttype'),
(20, 'Can view content type', 5, 'view_contenttype'),
(21, 'Can add session', 6, 'add_session'),
(22, 'Can change session', 6, 'change_session'),
(23, 'Can delete session', 6, 'delete_session'),
(24, 'Can view session', 6, 'view_session'),
(25, 'Can add cart', 7, 'add_cart'),
(26, 'Can change cart', 7, 'change_cart'),
(27, 'Can delete cart', 7, 'delete_cart'),
(28, 'Can view cart', 7, 'view_cart'),
(29, 'Can add collection', 8, 'add_collection'),
(30, 'Can change collection', 8, 'change_collection'),
(31, 'Can delete collection', 8, 'delete_collection'),
(32, 'Can view collection', 8, 'view_collection'),
(33, 'Can add customer', 9, 'add_customer'),
(34, 'Can change customer', 9, 'change_customer'),
(35, 'Can delete customer', 9, 'delete_customer'),
(36, 'Can view customer', 9, 'view_customer'),
(37, 'Can add order', 10, 'add_order'),
(38, 'Can change order', 10, 'change_order'),
(39, 'Can delete order', 10, 'delete_order'),
(40, 'Can view order', 10, 'view_order'),
(41, 'Can add promotion', 11, 'add_promotion'),
(42, 'Can change promotion', 11, 'change_promotion'),
(43, 'Can delete promotion', 11, 'delete_promotion'),
(44, 'Can view promotion', 11, 'view_promotion'),
(45, 'Can add product', 12, 'add_product'),
(46, 'Can change product', 12, 'change_product'),
(47, 'Can delete product', 12, 'delete_product'),
(48, 'Can view product', 12, 'view_product'),
(49, 'Can add order item', 13, 'add_orderitem'),
(50, 'Can change order item', 13, 'change_orderitem'),
(51, 'Can delete order item', 13, 'delete_orderitem'),
(52, 'Can view order item', 13, 'view_orderitem'),
(53, 'Can add cart item', 14, 'add_cartitem'),
(54, 'Can change cart item', 14, 'change_cartitem'),
(55, 'Can delete cart item', 14, 'delete_cartitem'),
(56, 'Can view cart item', 14, 'view_cartitem'),
(57, 'Can add address', 15, 'add_address'),
(58, 'Can change address', 15, 'change_address'),
(59, 'Can delete address', 15, 'delete_address'),
(60, 'Can view address', 15, 'view_address'),
(61, 'Can add tag', 16, 'add_tag'),
(62, 'Can change tag', 16, 'change_tag'),
(63, 'Can delete tag', 16, 'delete_tag'),
(64, 'Can view tag', 16, 'view_tag'),
(65, 'Can add tagged item', 17, 'add_taggeditem'),
(66, 'Can change tagged item', 17, 'change_taggeditem'),
(67, 'Can delete tagged item', 17, 'delete_taggeditem'),
(68, 'Can view tagged item', 17, 'view_taggeditem'),
(69, 'Can add liked item', 18, 'add_likeditem'),
(70, 'Can change liked item', 18, 'change_likeditem'),
(71, 'Can delete liked item', 18, 'delete_likeditem'),
(72, 'Can view liked item', 18, 'view_likeditem');

-- --------------------------------------------------------

--
-- Table structure for table `auth_user`
--

CREATE TABLE `auth_user` (
  `id` int(11) NOT NULL,
  `password` varchar(128) NOT NULL,
  `last_login` datetime(6) DEFAULT NULL,
  `is_superuser` tinyint(1) NOT NULL,
  `username` varchar(150) NOT NULL,
  `first_name` varchar(150) NOT NULL,
  `last_name` varchar(150) NOT NULL,
  `email` varchar(254) NOT NULL,
  `is_staff` tinyint(1) NOT NULL,
  `is_active` tinyint(1) NOT NULL,
  `date_joined` datetime(6) NOT NULL
) ENGINE=InnoDB DEFAULT CHARSET=utf8mb4 COLLATE=utf8mb4_general_ci;

--
-- Dumping data for table `auth_user`
--

INSERT INTO `auth_user` (`id`, `password`, `last_login`, `is_superuser`, `username`, `first_name`, `last_name`, `email`, `is_staff`, `is_active`, `date_joined`) VALUES
(1, 'pbkdf2_sha256$600000$zYaWtVyjQBroBKPU46p5Ie$Y+7rEcBgCWfRzNNcgUQBPzIlZyZNbRHDh4vYZ87AZ+c=', '2024-08-23 21:16:02.638460', 1, 'fourkan', '', '', 'test1@gmail.com', 1, 1, '2024-08-23 21:13:08.663150');

-- --------------------------------------------------------

--
-- Table structure for table `auth_user_groups`
--

CREATE TABLE `auth_user_groups` (
  `id` bigint(20) NOT NULL,
  `user_id` int(11) NOT NULL,
  `group_id` int(11) NOT NULL
) ENGINE=InnoDB DEFAULT CHARSET=utf8mb4 COLLATE=utf8mb4_general_ci;

-- --------------------------------------------------------

--
-- Table structure for table `auth_user_user_permissions`
--

CREATE TABLE `auth_user_user_permissions` (
  `id` bigint(20) NOT NULL,
  `user_id` int(11) NOT NULL,
  `permission_id` int(11) NOT NULL
) ENGINE=InnoDB DEFAULT CHARSET=utf8mb4 COLLATE=utf8mb4_general_ci;

-- --------------------------------------------------------

--
-- Table structure for table `django_admin_log`
--

CREATE TABLE `django_admin_log` (
  `id` int(11) NOT NULL,
  `action_time` datetime(6) NOT NULL,
  `object_id` longtext DEFAULT NULL,
  `object_repr` varchar(200) NOT NULL,
  `action_flag` smallint(5) UNSIGNED NOT NULL CHECK (`action_flag` >= 0),
  `change_message` longtext NOT NULL,
  `content_type_id` int(11) DEFAULT NULL,
  `user_id` int(11) NOT NULL
) ENGINE=InnoDB DEFAULT CHARSET=utf8mb4 COLLATE=utf8mb4_general_ci;

-- --------------------------------------------------------

--
-- Table structure for table `django_content_type`
--

CREATE TABLE `django_content_type` (
  `id` int(11) NOT NULL,
  `app_label` varchar(100) NOT NULL,
  `model` varchar(100) NOT NULL
) ENGINE=InnoDB DEFAULT CHARSET=utf8mb4 COLLATE=utf8mb4_general_ci;

--
-- Dumping data for table `django_content_type`
--

INSERT INTO `django_content_type` (`id`, `app_label`, `model`) VALUES
(1, 'admin', 'logentry'),
(3, 'auth', 'group'),
(2, 'auth', 'permission'),
(4, 'auth', 'user'),
(5, 'contenttypes', 'contenttype'),
(18, 'likes', 'likeditem'),
(6, 'sessions', 'session'),
(15, 'store', 'address'),
(7, 'store', 'cart'),
(14, 'store', 'cartitem'),
(8, 'store', 'collection'),
(9, 'store', 'customer'),
(10, 'store', 'order'),
(13, 'store', 'orderitem'),
(12, 'store', 'product'),
(11, 'store', 'promotion'),
(16, 'tags', 'tag'),
(17, 'tags', 'taggeditem');

-- --------------------------------------------------------

--
-- Table structure for table `django_migrations`
--

CREATE TABLE `django_migrations` (
  `id` bigint(20) NOT NULL,
  `app` varchar(255) NOT NULL,
  `name` varchar(255) NOT NULL,
  `applied` datetime(6) NOT NULL
) ENGINE=InnoDB DEFAULT CHARSET=utf8mb4 COLLATE=utf8mb4_general_ci;

--
-- Dumping data for table `django_migrations`
--

INSERT INTO `django_migrations` (`id`, `app`, `name`, `applied`) VALUES
(1, 'contenttypes', '0001_initial', '2024-08-01 17:47:44.643602'),
(2, 'auth', '0001_initial', '2024-08-01 17:47:44.855888'),
(3, 'admin', '0001_initial', '2024-08-01 17:47:44.909951'),
(4, 'admin', '0002_logentry_remove_auto_add', '2024-08-01 17:47:44.915077'),
(5, 'admin', '0003_logentry_add_action_flag_choices', '2024-08-01 17:47:44.921410'),
(6, 'contenttypes', '0002_remove_content_type_name', '2024-08-01 17:47:44.950002'),
(7, 'auth', '0002_alter_permission_name_max_length', '2024-08-01 17:47:44.971656'),
(8, 'auth', '0003_alter_user_email_max_length', '2024-08-01 17:47:44.983121'),
(9, 'auth', '0004_alter_user_username_opts', '2024-08-01 17:47:44.987523'),
(10, 'auth', '0005_alter_user_last_login_null', '2024-08-01 17:47:45.008669'),
(11, 'auth', '0006_require_contenttypes_0002', '2024-08-01 17:47:45.010085'),
(12, 'auth', '0007_alter_validators_add_error_messages', '2024-08-01 17:47:45.013941'),
(13, 'auth', '0008_alter_user_username_max_length', '2024-08-01 17:47:45.025331'),
(14, 'auth', '0009_alter_user_last_name_max_length', '2024-08-01 17:47:45.036208'),
(15, 'auth', '0010_alter_group_name_max_length', '2024-08-01 17:47:45.048003'),
(16, 'auth', '0011_update_proxy_permissions', '2024-08-01 17:47:45.053557'),
(17, 'auth', '0012_alter_user_first_name_max_length', '2024-08-01 17:47:45.067515'),
(18, 'likes', '0001_initial', '2024-08-01 17:47:45.124051'),
(19, 'sessions', '0001_initial', '2024-08-01 17:47:45.141001'),
(20, 'store', '0001_initial', '2024-08-01 17:47:45.423807'),
(21, 'store', '0002_rename_price_product_unit_price', '2024-08-01 17:47:45.433755'),
(22, 'store', '0003_product_slug', '2024-08-01 17:47:45.454505'),
(24, 'tags', '0001_initial', '2024-08-01 17:47:45.526731');

-- --------------------------------------------------------

--
-- Table structure for table `django_session`
--

CREATE TABLE `django_session` (
  `session_key` varchar(40) NOT NULL,
  `session_data` longtext NOT NULL,
  `expire_date` datetime(6) NOT NULL
) ENGINE=InnoDB DEFAULT CHARSET=utf8mb4 COLLATE=utf8mb4_general_ci;

--
-- Dumping data for table `django_session`
--

INSERT INTO `django_session` (`session_key`, `session_data`, `expire_date`) VALUES
('idjt5q1gd1d32eioh53ge6usvtnu0zh9', '.eJxVjDsOwjAQBe_iGlmsHf8o6XOGaO314gCypTipEHeHSCmgfTPzXmLCbS3T1vMyzSQuAsTpd4uYHrnugO5Yb02mVtdljnJX5EG7HBvl5_Vw_w4K9vKtlYFkgtXgc0qJAoHy2URkyxqsYg4OGByf4-CRyTIPLnoy1ihCn7V4fwDvTDh5:1shbda:KvUaC8NvHoG6uY3_uIkIYJ9AeVF2RnKCQ2k_twgxcv8', '2024-09-06 21:16:02.640456');

-- --------------------------------------------------------

--
-- Table structure for table `likes_likeditem`
--

CREATE TABLE `likes_likeditem` (
  `id` bigint(20) NOT NULL,
  `object_id` int(10) UNSIGNED NOT NULL CHECK (`object_id` >= 0),
  `content_type_id` int(11) NOT NULL,
  `user_id` int(11) NOT NULL
) ENGINE=InnoDB DEFAULT CHARSET=utf8mb4 COLLATE=utf8mb4_general_ci;

-- --------------------------------------------------------

--
-- Table structure for table `store_address`
--

CREATE TABLE `store_address` (
  `id` bigint(20) NOT NULL,
  `street` varchar(255) NOT NULL,
  `city` varchar(255) NOT NULL,
  `customer_id` bigint(20) NOT NULL
) ENGINE=InnoDB DEFAULT CHARSET=utf8mb4 COLLATE=utf8mb4_general_ci;

-- --------------------------------------------------------

--
-- Table structure for table `store_cart`
--

CREATE TABLE `store_cart` (
  `id` bigint(20) NOT NULL,
  `created_at` datetime(6) NOT NULL
) ENGINE=InnoDB DEFAULT CHARSET=utf8mb4 COLLATE=utf8mb4_general_ci;

-- --------------------------------------------------------

--
-- Table structure for table `store_cartitem`
--

CREATE TABLE `store_cartitem` (
  `id` bigint(20) NOT NULL,
  `quantity` smallint(5) UNSIGNED NOT NULL CHECK (`quantity` >= 0),
  `cart_id` bigint(20) NOT NULL,
  `product_id` varchar(10) NOT NULL
) ENGINE=InnoDB DEFAULT CHARSET=utf8mb4 COLLATE=utf8mb4_general_ci;

-- --------------------------------------------------------

--
-- Table structure for table `store_collection`
--

CREATE TABLE `store_collection` (
  `id` bigint(20) NOT NULL,
  `title` varchar(255) NOT NULL,
  `featured_product_id` varchar(10) DEFAULT NULL
) ENGINE=InnoDB DEFAULT CHARSET=utf8mb4 COLLATE=utf8mb4_general_ci;

-- --------------------------------------------------------

--
-- Table structure for table `store_customer`
--

CREATE TABLE `store_customer` (
  `id` bigint(20) NOT NULL,
  `first_name` varchar(255) NOT NULL,
  `last_name` varchar(255) NOT NULL,
  `email` varchar(254) NOT NULL,
  `phone` varchar(255) NOT NULL,
  `birth_date` date DEFAULT NULL,
  `membership` varchar(1) NOT NULL
) ENGINE=InnoDB DEFAULT CHARSET=utf8mb4 COLLATE=utf8mb4_general_ci;

--
-- Dumping data for table `store_customer`
--

INSERT INTO `store_customer` (`id`, `first_name`, `last_name`, `email`, `phone`, `birth_date`, `membership`) VALUES
(1, 'Zuzana', 'Eplett', 'zeplett0@wisc.edu', '430-712-3917', '0000-00-00', 'B'),
(2, 'Richy', 'Johantges', 'rjohantges1@bizjournals.com', '611-751-9314', '0000-00-00', 'G'),
(3, 'Kellie', 'Janicki', 'kjanicki2@over-blog.com', '754-133-0950', '0000-00-00', 'B'),
(4, 'Aguie', 'Hilary', 'ahilary3@ox.ac.uk', '132-364-3305', '0000-00-00', 'B'),
(5, 'Davita', 'Hodgets', 'dhodgets4@altervista.org', '564-912-3775', '0000-00-00', 'G'),
(6, 'Humphrey', 'Olver', 'holver5@google.co.jp', '306-429-3267', '0000-00-00', 'S'),
(7, 'Min', 'Nuton', 'mnuton6@zdnet.com', '991-864-1633', '0000-00-00', 'S'),
(8, 'Jermaine', 'Trenholm', 'jtrenholm7@imgur.com', '146-554-2863', '0000-00-00', 'B'),
(9, 'Bourke', 'Altimas', 'baltimas8@mysql.com', '833-972-9365', '0000-00-00', 'G'),
(10, 'Eveline', 'Dickenson', 'edickenson9@hatena.ne.jp', '433-312-6677', '0000-00-00', 'B'),
(11, 'Marga', 'Chataignier', 'mchataigniera@issuu.com', '942-436-1760', '0000-00-00', 'B'),
(12, 'Bat', 'Rudall', 'brudallb@taobao.com', '194-961-5924', '0000-00-00', 'B'),
(13, 'Germayne', 'Snelman', 'gsnelmanc@bloglovin.com', '957-460-0077', '0000-00-00', 'G'),
(14, 'Chic', 'McLeese', 'cmcleesed@craigslist.org', '570-179-8850', '0000-00-00', 'B'),
(15, 'Stephani', 'Insull', 'sinsulle@odnoklassniki.ru', '246-207-1377', '0000-00-00', 'G'),
(16, 'Wolfie', 'Arnholz', 'warnholzf@mozilla.org', '867-451-5147', '0000-00-00', 'S'),
(17, 'Marlo', 'Feehan', 'mfeehang@bloomberg.com', '293-943-6242', '0000-00-00', 'B'),
(18, 'Eddi', 'Purcer', 'epurcerh@prweb.com', '959-161-8377', '0000-00-00', 'S'),
(19, 'Deck', 'Ferrillo', 'dferrilloi@canalblog.com', '454-456-0304', '0000-00-00', 'G'),
(20, 'Martelle', 'Petegrew', 'mpetegrewj@fda.gov', '459-478-6835', '0000-00-00', 'S'),
(21, 'Emlynne', 'Acres', 'eacresk@fastcompany.com', '478-711-8996', '0000-00-00', 'S'),
(22, 'Kimbell', 'McAster', 'kmcasterl@rakuten.co.jp', '780-557-4597', '0000-00-00', 'B'),
(23, 'Stefano', 'Henri', 'shenrim@last.fm', '395-656-8371', '0000-00-00', 'G'),
(24, 'Irvine', 'Stollenhof', 'istollenhofn@cmu.edu', '519-457-8292', '0000-00-00', 'S'),
(25, 'Lynnet', 'Rabbatts', 'lrabbattso@fema.gov', '215-129-5876', '0000-00-00', 'S'),
(26, 'Tandi', 'Sartin', 'tsartinp@networkadvertising.org', '118-969-3948', '0000-00-00', 'B'),
(27, 'Jasmin', 'Van Arsdall', 'jvanarsdallq@cbsnews.com', '583-995-3037', '0000-00-00', 'B'),
(28, 'Major', 'Garshore', 'mgarshorer@taobao.com', '929-783-1349', '0000-00-00', 'G'),
(29, 'Morse', 'Martignon', 'mmartignons@blog.com', '580-342-2276', '0000-00-00', 'G'),
(30, 'Aldric', 'Bodesson', 'abodessont@rakuten.co.jp', '255-200-6553', '0000-00-00', 'B'),
(31, 'Jasmine', 'Parnell', 'jparnellu@phpbb.com', '770-315-0273', '0000-00-00', 'S'),
(32, 'Baird', 'Quenell', 'bquenellv@lulu.com', '817-394-0821', '0000-00-00', 'B'),
(33, 'Pippy', 'Cavy', 'pcavyw@zdnet.com', '571-778-8471', '0000-00-00', 'B'),
(34, 'Rollin', 'Dunnan', 'rdunnanx@wunderground.com', '479-109-0873', '0000-00-00', 'G'),
(35, 'Willy', 'Bendley', 'wbendleyy@1und1.de', '657-717-7268', '0000-00-00', 'B'),
(36, 'Steffie', 'Chauvey', 'schauveyz@springer.com', '979-514-2525', '0000-00-00', 'S'),
(37, 'Ollie', 'Petriello', 'opetriello10@tripadvisor.com', '183-930-2388', '0000-00-00', 'B'),
(38, 'Stanwood', 'Scottesmoor', 'sscottesmoor11@e-recht24.de', '701-144-0901', '0000-00-00', 'G'),
(39, 'Lewiss', 'Naile', 'lnaile12@illinois.edu', '260-965-7004', '0000-00-00', 'G'),
(40, 'Adore', 'Swinbourne', 'aswinbourne13@51.la', '204-856-5186', '0000-00-00', 'S'),
(41, 'Burton', 'Sutch', 'bsutch14@elpais.com', '753-969-4592', '0000-00-00', 'S'),
(42, 'Michail', 'Collibear', 'mcollibear15@etsy.com', '514-935-6098', '0000-00-00', 'G'),
(43, 'Tan', 'Fegan', 'tfegan16@elpais.com', '929-677-9240', '0000-00-00', 'G'),
(44, 'Mathilda', 'Letson', 'mletson17@xrea.com', '663-970-0605', '0000-00-00', 'G'),
(45, 'Ward', 'Autin', 'wautin18@hp.com', '874-831-8063', '0000-00-00', 'S'),
(46, 'Rhianna', 'Pentelo', 'rpentelo19@qq.com', '283-405-7136', '0000-00-00', 'B'),
(47, 'Gasper', 'Trassler', 'gtrassler1a@odnoklassniki.ru', '798-832-0526', '0000-00-00', 'B'),
(48, 'Avivah', 'Cayley', 'acayley1b@seattletimes.com', '342-291-8742', '0000-00-00', 'B'),
(49, 'Lori', 'Garnham', 'lgarnham1c@ocn.ne.jp', '940-801-8321', '0000-00-00', 'G'),
(50, 'Hillery', 'Skey', 'hskey1d@mozilla.org', '462-401-1727', '0000-00-00', 'G'),
(51, 'Vicky', 'Ketton', 'vketton1e@zdnet.com', '915-693-7559', '0000-00-00', 'G'),
(52, 'Dale', 'Cannavan', 'dcannavan1f@ed.gov', '883-832-0384', '0000-00-00', 'S'),
(53, 'Beverlie', 'Ackerman', 'backerman1g@howstuffworks.com', '470-389-0809', '0000-00-00', 'G'),
(54, 'Wayland', 'Holgan', 'wholgan1h@usda.gov', '652-208-9803', '0000-00-00', 'G'),
(55, 'Kenn', 'Rimer', 'krimer1i@hhs.gov', '808-958-3159', '0000-00-00', 'S'),
(56, 'Desiree', 'Cheke', 'dcheke1j@mtv.com', '496-264-7366', '0000-00-00', 'B'),
(57, 'Filip', 'Burdoun', 'fburdoun1k@vimeo.com', '951-778-4794', '0000-00-00', 'S'),
(58, 'Flss', 'Sharram', 'fsharram1l@opera.com', '186-682-6769', '0000-00-00', 'S'),
(59, 'Waneta', 'McAuslene', 'wmcauslene1m@bandcamp.com', '798-602-3252', '0000-00-00', 'S'),
(60, 'Adolf', 'Leacock', 'aleacock1n@umich.edu', '673-965-7461', '0000-00-00', 'B'),
(61, 'Katine', 'Barson', 'kbarson1o@ocn.ne.jp', '936-227-1081', '0000-00-00', 'G'),
(62, 'Lorenza', 'Lark', 'llark1p@mysql.com', '192-943-6042', '0000-00-00', 'S'),
(63, 'Janean', 'Kerry', 'jkerry1q@jalbum.net', '123-475-9732', '0000-00-00', 'G'),
(64, 'Prent', 'O\'Brallaghan', 'pobrallaghan1r@woothemes.com', '116-269-6299', '0000-00-00', 'G'),
(65, 'Dorothy', 'Marciskewski', 'dmarciskewski1s@kickstarter.com', '724-218-6823', '0000-00-00', 'S'),
(66, 'Jarred', 'Lembcke', 'jlembcke1t@slideshare.net', '152-220-3834', '0000-00-00', 'G'),
(67, 'Staffard', 'Ottery', 'sottery1u@amazonaws.com', '377-117-0565', '0000-00-00', 'B'),
(68, 'Launce', 'Astill', 'lastill1v@fda.gov', '948-899-1521', '0000-00-00', 'S'),
(69, 'Dulce', 'Petrakov', 'dpetrakov1w@opensource.org', '888-772-2578', '0000-00-00', 'B'),
(70, 'Thorn', 'McFetridge', 'tmcfetridge1x@chron.com', '335-940-0921', '0000-00-00', 'B'),
(71, 'Jareb', 'Crockatt', 'jcrockatt1y@springer.com', '226-854-9528', '0000-00-00', 'B'),
(72, 'Stepha', 'Maber', 'smaber1z@wikipedia.org', '767-359-2215', '0000-00-00', 'S'),
(73, 'Leticia', 'Lattie', 'llattie20@hao123.com', '448-234-4254', '0000-00-00', 'B'),
(74, 'Corrina', 'Ashforth', 'cashforth21@altervista.org', '307-351-8490', '0000-00-00', 'B'),
(75, 'Burnard', 'Jones', 'bjones22@mac.com', '335-956-2531', '0000-00-00', 'S'),
(76, 'Osmund', 'Nurny', 'onurny23@earthlink.net', '356-764-4357', '0000-00-00', 'B'),
(77, 'Anthia', 'Leavold', 'aleavold24@noaa.gov', '151-862-9834', '0000-00-00', 'G'),
(78, 'Rafi', 'Pidgley', 'rpidgley25@shop-pro.jp', '383-987-6496', '0000-00-00', 'B'),
(79, 'Farra', 'L\'oiseau', 'floiseau26@stanford.edu', '922-196-7885', '0000-00-00', 'B'),
(80, 'Ursulina', 'Nuccii', 'unuccii27@sfgate.com', '231-969-2812', '0000-00-00', 'B'),
(81, 'Dion', 'Pieterick', 'dpieterick28@barnesandnoble.com', '918-830-3670', '0000-00-00', 'S'),
(82, 'Lucais', 'Archbald', 'larchbald29@google.es', '794-405-7217', '0000-00-00', 'G'),
(83, 'Jermain', 'Boord', 'jboord2a@prweb.com', '598-630-9801', '0000-00-00', 'S'),
(84, 'Devin', 'Costa', 'dcosta2b@gmpg.org', '624-962-8040', '0000-00-00', 'G'),
(85, 'Clovis', 'Matveyev', 'cmatveyev2c@netvibes.com', '954-558-8158', '0000-00-00', 'B'),
(86, 'Noam', 'Sutherden', 'nsutherden2d@wordpress.com', '141-387-2775', '0000-00-00', 'S'),
(87, 'Skippie', 'Stockwell', 'sstockwell2e@flavors.me', '887-385-1153', '0000-00-00', 'S'),
(88, 'Agna', 'Gallemore', 'agallemore2f@pinterest.com', '348-732-5210', '0000-00-00', 'G'),
(89, 'Chase', 'Bebb', 'cbebb2g@gravatar.com', '596-266-7945', '0000-00-00', 'S'),
(90, 'Townsend', 'Machans', 'tmachans2h@amazon.co.jp', '297-903-7688', '0000-00-00', 'S'),
(91, 'Rabbi', 'Arnke', 'rarnke2i@hatena.ne.jp', '999-142-0439', '0000-00-00', 'S'),
(92, 'Gustavus', 'Mc Elory', 'gmcelory2j@webs.com', '424-390-3603', '0000-00-00', 'S'),
(93, 'Florance', 'Edmondson', 'fedmondson2k@a8.net', '440-691-0922', '0000-00-00', 'B'),
(94, 'Marissa', 'Fackney', 'mfackney2l@java.com', '303-959-5797', '0000-00-00', 'S'),
(95, 'Laird', 'Lindblad', 'llindblad2m@businessweek.com', '286-615-8343', '0000-00-00', 'B'),
(96, 'Payton', 'Gowrie', 'pgowrie2n@abc.net.au', '163-689-1575', '0000-00-00', 'S'),
(97, 'Sammie', 'Endrici', 'sendrici2o@cmu.edu', '608-784-6668', '0000-00-00', 'B'),
(98, 'Aurora', 'Bernaldez', 'abernaldez2p@msn.com', '553-837-4775', '0000-00-00', 'S'),
(99, 'Clara', 'Mourant', 'cmourant2q@psu.edu', '726-394-9933', '0000-00-00', 'S'),
(100, 'Thorpe', 'Szabo', 'tszabo2r@eventbrite.com', '147-710-8994', '0000-00-00', 'G'),
(101, 'Lyndy', 'Cholomin', 'lcholomin2s@google.pl', '910-602-6602', '0000-00-00', 'S'),
(102, 'Kelly', 'Barron', 'kbarron2t@csmonitor.com', '659-885-1475', '0000-00-00', 'S'),
(103, 'Mathe', 'Heeron', 'mheeron2u@bravesites.com', '772-352-2928', '0000-00-00', 'S'),
(104, 'Cristian', 'Balden', 'cbalden2v@com.com', '112-173-9431', '0000-00-00', 'G'),
(105, 'Jard', 'Lenz', 'jlenz2w@4shared.com', '524-920-8056', '0000-00-00', 'G'),
(106, 'Pansy', 'Basilone', 'pbasilone2x@elegantthemes.com', '433-559-9323', '0000-00-00', 'B'),
(107, 'Vonnie', 'Clinton', 'vclinton2y@dion.ne.jp', '363-491-2464', '0000-00-00', 'B'),
(108, 'Laural', 'Oliffe', 'loliffe2z@google.com.br', '990-344-1069', '0000-00-00', 'G'),
(109, 'Allissa', 'Hayton', 'ahayton30@i2i.jp', '960-164-5454', '0000-00-00', 'G'),
(110, 'Calli', 'Le Merchant', 'clemerchant31@house.gov', '421-855-7767', '0000-00-00', 'G'),
(111, 'Betsy', 'Ewles', 'bewles32@who.int', '617-846-0939', '0000-00-00', 'B'),
(112, 'Maxi', 'Moodey', 'mmoodey33@eepurl.com', '298-355-9097', '0000-00-00', 'B'),
(113, 'Robbi', 'Gluyas', 'rgluyas34@whitehouse.gov', '498-346-3251', '0000-00-00', 'S'),
(114, 'Florry', 'Switzer', 'fswitzer35@is.gd', '556-516-4607', '0000-00-00', 'B'),
(115, 'Winna', 'Gilliland', 'wgilliland36@furl.net', '803-583-2032', '0000-00-00', 'B'),
(116, 'Floria', 'Whitney', 'fwhitney37@guardian.co.uk', '135-310-3739', '0000-00-00', 'G'),
(117, 'Allsun', 'Jamieson', 'ajamieson38@reference.com', '551-935-0312', '0000-00-00', 'G'),
(118, 'Laney', 'Bittlestone', 'lbittlestone39@yolasite.com', '779-117-3497', '0000-00-00', 'G'),
(119, 'Adriana', 'Edelheid', 'aedelheid3a@tinyurl.com', '909-111-3008', '0000-00-00', 'S'),
(120, 'Mattie', 'Borthe', 'mborthe3b@cyberchimps.com', '389-546-5943', '0000-00-00', 'B'),
(121, 'Terri-jo', 'Brigge', 'tbrigge3c@sciencedaily.com', '920-472-5789', '0000-00-00', 'B'),
(122, 'De witt', 'McIver', 'dmciver3d@reference.com', '561-551-7958', '0000-00-00', 'B'),
(123, 'Normand', 'Tineman', 'ntineman3e@1und1.de', '695-942-4195', '0000-00-00', 'B'),
(124, 'Randie', 'Snawden', 'rsnawden3f@buzzfeed.com', '519-390-9974', '0000-00-00', 'G'),
(125, 'Sterling', 'Sevin', 'ssevin3g@google.co.uk', '928-181-8619', '0000-00-00', 'G'),
(126, 'Reade', 'Mallender', 'rmallender3h@delicious.com', '918-997-2519', '0000-00-00', 'B'),
(127, 'Armstrong', 'Stell', 'astell3i@ucoz.ru', '937-766-0184', '0000-00-00', 'B'),
(128, 'Maxie', 'MacHoste', 'mmachoste3j@google.com.br', '421-780-4454', '0000-00-00', 'B'),
(129, 'Wallace', 'Brittlebank', 'wbrittlebank3k@theglobeandmail.com', '717-739-2328', '0000-00-00', 'B'),
(130, 'Donna', 'Sokale', 'dsokale3l@miibeian.gov.cn', '268-136-6437', '0000-00-00', 'B'),
(131, 'Heidi', 'Tackell', 'htackell3m@google.com.hk', '372-829-2066', '0000-00-00', 'B'),
(132, 'Lyell', 'Meconi', 'lmeconi3n@sitemeter.com', '976-949-2434', '0000-00-00', 'G'),
(133, 'Lucy', 'Titterell', 'ltitterell3o@soundcloud.com', '127-133-5118', '0000-00-00', 'G'),
(134, 'Claresta', 'Crompton', 'ccrompton3p@prlog.org', '758-589-5818', '0000-00-00', 'S'),
(135, 'Matty', 'Lantiffe', 'mlantiffe3q@elpais.com', '394-279-6715', '0000-00-00', 'B'),
(136, 'Freddi', 'Kenn', 'fkenn3r@istockphoto.com', '209-750-9290', '0000-00-00', 'G'),
(137, 'Andria', 'Lampbrecht', 'alampbrecht3s@google.com.hk', '259-602-8552', '0000-00-00', 'G'),
(138, 'Netta', 'Eddins', 'neddins3t@nhs.uk', '620-421-2892', '0000-00-00', 'B'),
(139, 'Gerianne', 'Neathway', 'gneathway3u@state.gov', '917-598-5714', '0000-00-00', 'G'),
(140, 'Ricoriki', 'Kardos', 'rkardos3v@joomla.org', '701-568-3558', '0000-00-00', 'G'),
(141, 'Risa', 'Shiell', 'rshiell3w@chron.com', '824-287-9473', '0000-00-00', 'B'),
(142, 'Henka', 'Jaime', 'hjaime3x@ft.com', '969-535-0857', '0000-00-00', 'S'),
(143, 'Carce', 'Soff', 'csoff3y@fda.gov', '931-354-4566', '0000-00-00', 'G'),
(144, 'Faythe', 'Havik', 'fhavik3z@nature.com', '276-234-7766', '0000-00-00', 'G'),
(145, 'Salvidor', 'Loadsman', 'sloadsman40@quantcast.com', '311-688-4415', '0000-00-00', 'S'),
(146, 'Claiborn', 'Gregol', 'cgregol41@fastcompany.com', '854-538-7809', '0000-00-00', 'G'),
(147, 'Wilden', 'Bexley', 'wbexley42@aol.com', '491-829-7210', '0000-00-00', 'S'),
(148, 'Barde', 'Skinner', 'bskinner43@deviantart.com', '202-720-2210', '0000-00-00', 'B'),
(149, 'Freedman', 'Merkel', 'fmerkel44@furl.net', '709-128-7215', '0000-00-00', 'G'),
(150, 'Aline', 'Dallinder', 'adallinder45@sohu.com', '376-919-1591', '0000-00-00', 'B'),
(151, 'Jeffry', 'Broddle', 'jbroddle46@1und1.de', '463-531-9646', '0000-00-00', 'B'),
(152, 'Isacco', 'Mouan', 'imouan47@t-online.de', '526-304-7535', '0000-00-00', 'B'),
(153, 'Cristina', 'Cockerham', 'ccockerham48@dropbox.com', '718-148-9382', '0000-00-00', 'G'),
(154, 'Malva', 'Olenin', 'molenin49@google.de', '239-969-6020', '0000-00-00', 'S'),
(155, 'Cecil', 'Charlotte', 'ccharlotte4a@yandex.ru', '903-759-6985', '0000-00-00', 'B'),
(156, 'Hyatt', 'Egger', 'hegger4b@uiuc.edu', '671-899-8650', '0000-00-00', 'G'),
(157, 'Jania', 'Scotchbrook', 'jscotchbrook4c@webnode.com', '309-889-5549', '0000-00-00', 'B'),
(158, 'Nicholas', 'McGifford', 'nmcgifford4d@fc2.com', '781-424-8663', '0000-00-00', 'B'),
(159, 'Nevile', 'Wakeling', 'nwakeling4e@aol.com', '867-902-4356', '0000-00-00', 'G'),
(160, 'Scottie', 'Trass', 'strass4f@imdb.com', '264-517-7725', '0000-00-00', 'B'),
(161, 'Quillan', 'Walwood', 'qwalwood4g@symantec.com', '343-684-3572', '0000-00-00', 'G'),
(162, 'Alicia', 'Hellens', 'ahellens4h@edublogs.org', '418-123-1510', '0000-00-00', 'G'),
(163, 'Alvan', 'Pevsner', 'apevsner4i@cloudflare.com', '391-457-4617', '0000-00-00', 'B'),
(164, 'Luciano', 'Whoolehan', 'lwhoolehan4j@wix.com', '566-759-4801', '0000-00-00', 'G'),
(165, 'Jeane', 'Illing', 'jilling4k@cisco.com', '316-590-8076', '0000-00-00', 'G'),
(166, 'Dorise', 'Boggas', 'dboggas4l@slashdot.org', '646-482-3273', '0000-00-00', 'G'),
(167, 'Renaud', 'Ferrini', 'rferrini4m@examiner.com', '880-830-8622', '0000-00-00', 'B'),
(168, 'Addia', 'Balmann', 'abalmann4n@smh.com.au', '824-700-0058', '0000-00-00', 'S'),
(169, 'Joanie', 'Gaish', 'jgaish4o@dailymotion.com', '910-918-0377', '0000-00-00', 'S'),
(170, 'Cher', 'Gerrietz', 'cgerrietz4p@ow.ly', '926-188-2360', '0000-00-00', 'B'),
(171, 'Lanny', 'Etridge', 'letridge4q@ustream.tv', '421-402-7805', '0000-00-00', 'B'),
(172, 'Tamar', 'Murford', 'tmurford4r@51.la', '331-871-3407', '0000-00-00', 'B'),
(173, 'Shandy', 'Creaven', 'screaven4s@cam.ac.uk', '173-709-2436', '0000-00-00', 'B'),
(174, 'Ian', 'Castaignet', 'icastaignet4t@barnesandnoble.com', '384-902-2595', '0000-00-00', 'B'),
(175, 'Ludwig', 'Pinckstone', 'lpinckstone4u@nba.com', '187-447-5593', '0000-00-00', 'G'),
(176, 'Zelig', 'Mossop', 'zmossop4v@upenn.edu', '390-410-9980', '0000-00-00', 'B'),
(177, 'Marje', 'Alonso', 'malonso4w@nifty.com', '799-869-1982', '0000-00-00', 'S'),
(178, 'Hilde', 'Hibbart', 'hhibbart4x@princeton.edu', '799-174-4230', '0000-00-00', 'B'),
(179, 'Cammy', 'Crockett', 'ccrockett4y@elegantthemes.com', '125-320-0412', '0000-00-00', 'G'),
(180, 'Aeriell', 'Bowkett', 'abowkett4z@webmd.com', '181-730-6675', '0000-00-00', 'B'),
(181, 'Rachelle', 'Seiter', 'rseiter50@walmart.com', '937-843-2788', '0000-00-00', 'B'),
(182, 'Edsel', 'Rekes', 'erekes51@wordpress.com', '908-931-5033', '0000-00-00', 'B'),
(183, 'Darby', 'Hawtrey', 'dhawtrey52@issuu.com', '723-585-3657', '0000-00-00', 'S'),
(184, 'Genia', 'Troman', 'gtroman53@umn.edu', '609-499-2577', '0000-00-00', 'S'),
(185, 'Tanitansy', 'McIlwraith', 'tmcilwraith54@chronoengine.com', '912-493-7307', '0000-00-00', 'G'),
(186, 'Emmey', 'Feyer', 'efeyer55@jugem.jp', '826-518-6269', '0000-00-00', 'S'),
(187, 'Jacquelyn', 'Adelsberg', 'jadelsberg56@kickstarter.com', '946-111-1703', '0000-00-00', 'B'),
(188, 'Percival', 'Hughson', 'phughson57@lycos.com', '130-889-3182', '0000-00-00', 'S'),
(189, 'Anson', 'Hearson', 'ahearson58@ftc.gov', '825-768-7959', '0000-00-00', 'B'),
(190, 'Alexandra', 'Egiloff', 'aegiloff59@jugem.jp', '202-253-4290', '0000-00-00', 'S'),
(191, 'Tova', 'Reyna', 'treyna5a@amazon.com', '846-198-2124', '0000-00-00', 'B'),
(192, 'Forrest', 'Schruur', 'fschruur5b@google.com.hk', '401-270-0835', '0000-00-00', 'G'),
(193, 'Dane', 'Paur', 'dpaur5c@google.co.jp', '154-193-2456', '0000-00-00', 'G'),
(194, 'Aleen', 'Cohalan', 'acohalan5d@noaa.gov', '414-233-3697', '0000-00-00', 'S'),
(195, 'Stillmann', 'Frisdick', 'sfrisdick5e@apache.org', '770-307-0839', '0000-00-00', 'S'),
(196, 'Rory', 'Boag', 'rboag5f@barnesandnoble.com', '192-487-3175', '0000-00-00', 'S'),
(197, 'Franklyn', 'Clearley', 'fclearley5g@godaddy.com', '923-161-7163', '0000-00-00', 'S'),
(198, 'Marney', 'Tomley', 'mtomley5h@thetimes.co.uk', '912-856-1942', '0000-00-00', 'B'),
(199, 'Frieda', 'McKendry', 'fmckendry5i@uiuc.edu', '455-589-7253', '0000-00-00', 'S'),
(200, 'Lenka', 'Beathem', 'lbeathem5j@usa.gov', '509-739-4315', '0000-00-00', 'B'),
(201, 'Uri', 'Howey', 'uhowey5k@apache.org', '618-784-4266', '0000-00-00', 'B'),
(202, 'Marijo', 'Castard', 'mcastard5l@forbes.com', '507-379-4501', '0000-00-00', 'B'),
(203, 'Corie', 'Dingate', 'cdingate5m@cnet.com', '389-401-4986', '0000-00-00', 'S'),
(204, 'Gavan', 'Laroux', 'glaroux5n@imgur.com', '166-659-2787', '0000-00-00', 'S'),
(205, 'Manuel', 'Oseman', 'moseman5o@dailymotion.com', '813-732-3275', '0000-00-00', 'B'),
(206, 'Phineas', 'Ilsley', 'pilsley5p@ucoz.com', '669-232-3504', '0000-00-00', 'G'),
(207, 'Sol', 'Hawksworth', 'shawksworth5q@berkeley.edu', '168-666-1324', '0000-00-00', 'B'),
(208, 'Timmie', 'Norres', 'tnorres5r@virginia.edu', '730-329-8087', '0000-00-00', 'B'),
(209, 'Frederica', 'Grimwad', 'fgrimwad5s@homestead.com', '552-481-7054', '0000-00-00', 'S'),
(210, 'Annadiane', 'Triplow', 'atriplow5t@altervista.org', '267-990-4171', '0000-00-00', 'S'),
(211, 'Christoffer', 'Roan', 'croan5u@usda.gov', '201-102-6357', '0000-00-00', 'B'),
(212, 'Stacee', 'Jude', 'sjude5v@shareasale.com', '224-609-8485', '0000-00-00', 'S'),
(213, 'Clyde', 'Matt', 'cmatt5w@canalblog.com', '843-614-8322', '0000-00-00', 'G'),
(214, 'Moritz', 'Sellner', 'msellner5x@miitbeian.gov.cn', '552-768-4833', '0000-00-00', 'B'),
(215, 'Rainer', 'Klulicek', 'rklulicek5y@washingtonpost.com', '668-427-7387', '0000-00-00', 'G'),
(216, 'Rheta', 'Crisell', 'rcrisell5z@nymag.com', '828-709-7085', '0000-00-00', 'G'),
(217, 'Ludovico', 'Deely', 'ldeely60@spiegel.de', '732-803-4636', '0000-00-00', 'S'),
(218, 'Lora', 'Piborn', 'lpiborn61@devhub.com', '125-739-3893', '0000-00-00', 'B'),
(219, 'Coralyn', 'Elden', 'celden62@dot.gov', '805-746-0764', '0000-00-00', 'G'),
(220, 'Shena', 'Heeney', 'sheeney63@weebly.com', '121-208-2835', '0000-00-00', 'G'),
(221, 'Casper', 'Hinrichs', 'chinrichs64@jimdo.com', '860-888-4733', '0000-00-00', 'B'),
(222, 'Bab', 'McRobbie', 'bmcrobbie65@reference.com', '741-748-7140', '0000-00-00', 'S'),
(223, 'Pet', 'Klimontovich', 'pklimontovich66@tamu.edu', '387-639-2707', '0000-00-00', 'S'),
(224, 'Irvin', 'Gower', 'igower67@biglobe.ne.jp', '311-434-7563', '0000-00-00', 'S'),
(225, 'Myron', 'Fulk', 'mfulk68@github.io', '534-372-4447', '0000-00-00', 'S'),
(226, 'Ronny', 'Rosbrough', 'rrosbrough69@columbia.edu', '987-342-9353', '0000-00-00', 'S'),
(227, 'Hartley', 'Targetter', 'htargetter6a@independent.co.uk', '327-291-7065', '0000-00-00', 'S'),
(228, 'Loni', 'Milnes', 'lmilnes6b@linkedin.com', '308-721-7797', '0000-00-00', 'S'),
(229, 'Ephrayim', 'Griffoen', 'egriffoen6c@theglobeandmail.com', '598-850-7541', '0000-00-00', 'G'),
(230, 'Bevon', 'Wickins', 'bwickins6d@npr.org', '412-554-8261', '0000-00-00', 'S'),
(231, 'Felicia', 'Trustey', 'ftrustey6e@ucoz.ru', '869-376-8037', '0000-00-00', 'B'),
(232, 'Sindee', 'Veal', 'sveal6f@google.fr', '560-795-0848', '0000-00-00', 'B'),
(233, 'Liane', 'Welbrock', 'lwelbrock6g@t-online.de', '629-537-7755', '0000-00-00', 'S'),
(234, 'Carlin', 'Jeffers', 'cjeffers6h@reference.com', '688-588-9213', '0000-00-00', 'S'),
(235, 'Lauree', 'Janota', 'ljanota6i@miitbeian.gov.cn', '571-967-2713', '0000-00-00', 'G'),
(236, 'Arden', 'Blakeston', 'ablakeston6j@ehow.com', '634-304-7483', '0000-00-00', 'B'),
(237, 'Fannie', 'Yakovitch', 'fyakovitch6k@stanford.edu', '182-505-7706', '0000-00-00', 'G'),
(238, 'Candida', 'Morigan', 'cmorigan6l@histats.com', '850-475-1362', '0000-00-00', 'S'),
(239, 'Cori', 'MacDearmaid', 'cmacdearmaid6m@marriott.com', '822-701-9498', '0000-00-00', 'G'),
(240, 'Ailee', 'Nussen', 'anussen6n@themeforest.net', '835-916-7108', '0000-00-00', 'B'),
(241, 'Appolonia', 'Pauli', 'apauli6o@oakley.com', '557-374-1490', '0000-00-00', 'G'),
(242, 'Norbie', 'Raffon', 'nraffon6p@jigsy.com', '357-692-3730', '0000-00-00', 'G'),
(243, 'Lazarus', 'Haslen', 'lhaslen6q@newyorker.com', '357-923-1747', '0000-00-00', 'B'),
(244, 'Karlee', 'Boyall', 'kboyall6r@opensource.org', '144-265-3467', '0000-00-00', 'G'),
(245, 'Terri', 'Kornes', 'tkornes6s@sciencedirect.com', '881-763-3513', '0000-00-00', 'S'),
(246, 'Tessy', 'Cornelius', 'tcornelius6t@printfriendly.com', '396-341-6975', '0000-00-00', 'G'),
(247, 'Erminie', 'Callacher', 'ecallacher6u@so-net.ne.jp', '211-775-0441', '0000-00-00', 'G'),
(248, 'Bucky', 'Hasty', 'bhasty6v@timesonline.co.uk', '313-434-0315', '0000-00-00', 'B'),
(249, 'Trumann', 'Pleasaunce', 'tpleasaunce6w@gizmodo.com', '642-343-2910', '0000-00-00', 'B'),
(250, 'Valencia', 'Yeude', 'vyeude6x@timesonline.co.uk', '868-235-2459', '0000-00-00', 'G'),
(251, 'Tobin', 'Ryan', 'tryan6y@hexun.com', '493-781-2142', '0000-00-00', 'G'),
(252, 'Ronnica', 'Struthers', 'rstruthers6z@wordpress.com', '416-379-8521', '0000-00-00', 'G'),
(253, 'Sonnnie', 'Androletti', 'sandroletti70@unicef.org', '748-799-5050', '0000-00-00', 'G'),
(254, 'Noami', 'Filby', 'nfilby71@devhub.com', '427-672-4803', '0000-00-00', 'S'),
(255, 'Daryn', 'Menzies', 'dmenzies72@flavors.me', '522-687-1075', '0000-00-00', 'B'),
(256, 'Tandie', 'Abazi', 'tabazi73@reddit.com', '636-533-1820', '0000-00-00', 'G'),
(257, 'Osbourne', 'Betho', 'obetho74@chronoengine.com', '619-175-1364', '0000-00-00', 'B'),
(258, 'Ursulina', 'Venard', 'uvenard75@bloomberg.com', '312-478-2828', '0000-00-00', 'S'),
(259, 'Marlane', 'Newgrosh', 'mnewgrosh76@mozilla.com', '963-358-2758', '0000-00-00', 'B'),
(260, 'Davita', 'Cartin', 'dcartin77@freewebs.com', '651-814-4889', '0000-00-00', 'S'),
(261, 'Bevon', 'Delatour', 'bdelatour78@github.io', '579-863-8788', '0000-00-00', 'B'),
(262, 'Gwendolyn', 'Sullly', 'gsullly79@pagesperso-orange.fr', '163-987-3019', '0000-00-00', 'G'),
(263, 'Nadiya', 'Lindgren', 'nlindgren7a@businessinsider.com', '277-150-0914', '0000-00-00', 'G'),
(264, 'Meier', 'Marchent', 'mmarchent7b@diigo.com', '279-849-9125', '0000-00-00', 'B'),
(265, 'Georgetta', 'McNelly', 'gmcnelly7c@istockphoto.com', '643-688-9810', '0000-00-00', 'B'),
(266, 'Gerik', 'Denys', 'gdenys7d@sourceforge.net', '736-453-2694', '0000-00-00', 'B'),
(267, 'Britta', 'Widdecombe', 'bwiddecombe7e@ucla.edu', '401-157-4221', '0000-00-00', 'G'),
(268, 'Smith', 'Outram', 'soutram7f@sun.com', '919-181-7440', '0000-00-00', 'S'),
(269, 'Murvyn', 'Ferreras', 'mferreras7g@eventbrite.com', '208-203-0547', '0000-00-00', 'S'),
(270, 'Sky', 'Burmaster', 'sburmaster7h@netlog.com', '479-574-3261', '0000-00-00', 'B'),
(271, 'Liz', 'Courtin', 'lcourtin7i@state.gov', '613-274-3308', '0000-00-00', 'G'),
(272, 'Enriqueta', 'Behne', 'ebehne7j@bbb.org', '395-976-3875', '0000-00-00', 'B'),
(273, 'Kathryn', 'Weber', 'kweber7k@paypal.com', '129-844-0724', '0000-00-00', 'S'),
(274, 'Robbie', 'De Vaux', 'rdevaux7l@list-manage.com', '130-606-6821', '0000-00-00', 'G'),
(275, 'Oriana', 'Bloor', 'obloor7m@xing.com', '698-583-5157', '0000-00-00', 'B'),
(276, 'Tana', 'Belton', 'tbelton7n@google.ru', '899-372-9417', '0000-00-00', 'G'),
(277, 'Bent', 'Whaymand', 'bwhaymand7o@nature.com', '686-182-8492', '0000-00-00', 'B'),
(278, 'Yoshi', 'Streetley', 'ystreetley7p@de.vu', '997-530-7532', '0000-00-00', 'B'),
(279, 'Nancie', 'Nend', 'nnend7q@va.gov', '298-578-8018', '0000-00-00', 'B'),
(280, 'Ashely', 'Reedshaw', 'areedshaw7r@sourceforge.net', '326-764-3735', '0000-00-00', 'G'),
(281, 'Felicity', 'Havis', 'fhavis7s@linkedin.com', '531-152-8383', '0000-00-00', 'B'),
(282, 'Jorgan', 'Corteney', 'jcorteney7t@foxnews.com', '742-198-8662', '0000-00-00', 'G'),
(283, 'Camellia', 'MacAnespie', 'cmacanespie7u@thetimes.co.uk', '266-786-1380', '0000-00-00', 'G'),
(284, 'Cordie', 'Moorton', 'cmoorton7v@archive.org', '250-429-0139', '0000-00-00', 'B'),
(285, 'Renee', 'Loads', 'rloads7w@reference.com', '989-190-0214', '0000-00-00', 'G'),
(286, 'Dalis', 'Kahn', 'dkahn7x@reverbnation.com', '409-153-4716', '0000-00-00', 'G'),
(287, 'Zacharie', 'Armatys', 'zarmatys7y@stumbleupon.com', '579-153-7729', '0000-00-00', 'B'),
(288, 'Ezechiel', 'De Filippi', 'edefilippi7z@cargocollective.com', '598-852-7969', '0000-00-00', 'S'),
(289, 'Sarajane', 'Lloyd-Williams', 'slloydwilliams80@simplemachines.org', '659-281-0501', '0000-00-00', 'S'),
(290, 'Ermin', 'Bugge', 'ebugge81@rambler.ru', '800-915-4703', '0000-00-00', 'B'),
(291, 'Nariko', 'Rozalski', 'nrozalski82@auda.org.au', '542-270-2779', '0000-00-00', 'G'),
(292, 'Danice', 'Helstrom', 'dhelstrom83@sitemeter.com', '862-640-7231', '0000-00-00', 'S'),
(293, 'Connie', 'Lurriman', 'clurriman84@alexa.com', '971-622-2003', '0000-00-00', 'G'),
(294, 'Adelbert', 'Reyne', 'areyne85@bbb.org', '644-784-6169', '0000-00-00', 'B'),
(295, 'Aubrey', 'Duddy', 'aduddy86@imgur.com', '574-622-2480', '0000-00-00', 'S'),
(296, 'Verene', 'Jacobssen', 'vjacobssen87@myspace.com', '811-784-9607', '0000-00-00', 'S'),
(297, 'Lindy', 'Tippler', 'ltippler88@berkeley.edu', '289-255-8671', '0000-00-00', 'B'),
(298, 'Nell', 'Dunseith', 'ndunseith89@usgs.gov', '381-142-7407', '0000-00-00', 'G'),
(299, 'Huberto', 'Paszak', 'hpaszak8a@cnn.com', '434-504-9637', '0000-00-00', 'B'),
(300, 'Chlo', 'Rearie', 'crearie8b@slashdot.org', '563-645-4304', '0000-00-00', 'B'),
(301, 'Clementia', 'Desantis', 'cdesantis8c@smh.com.au', '270-511-6894', '0000-00-00', 'B'),
(302, 'Charo', 'Dincke', 'cdincke8d@nbcnews.com', '467-733-1588', '0000-00-00', 'B'),
(303, 'Jamal', 'Beynon', 'jbeynon8e@newyorker.com', '151-113-6609', '0000-00-00', 'B'),
(304, 'Devina', 'Cumpton', 'dcumpton8f@senate.gov', '289-781-9646', '0000-00-00', 'B'),
(305, 'Georgi', 'Swallwell', 'gswallwell8g@smh.com.au', '858-795-6337', '0000-00-00', 'G'),
(306, 'Martita', 'Prium', 'mprium8h@xinhuanet.com', '592-115-8648', '0000-00-00', 'B'),
(307, 'Clair', 'Chupin', 'cchupin8i@cloudflare.com', '335-773-0573', '0000-00-00', 'S'),
(308, 'Lila', 'Brickstock', 'lbrickstock8j@reddit.com', '820-747-7293', '0000-00-00', 'B'),
(309, 'Gates', 'Micklem', 'gmicklem8k@bigcartel.com', '100-642-1924', '0000-00-00', 'B'),
(310, 'Karilynn', 'Jerrom', 'kjerrom8l@nydailynews.com', '526-611-9265', '0000-00-00', 'B'),
(311, 'Robbert', 'Nanetti', 'rnanetti8m@zimbio.com', '114-314-8713', '0000-00-00', 'S'),
(312, 'Gal', 'Tresler', 'gtresler8n@acquirethisname.com', '375-970-6667', '0000-00-00', 'S'),
(313, 'Domeniga', 'Carcas', 'dcarcas8o@feedburner.com', '612-668-9275', '0000-00-00', 'G'),
(314, 'Emalia', 'Ashfold', 'eashfold8p@com.com', '532-329-7514', '0000-00-00', 'G'),
(315, 'Templeton', 'Ornillos', 'tornillos8q@dion.ne.jp', '981-972-5736', '0000-00-00', 'B'),
(316, 'Homer', 'Tyne', 'htyne8r@blogger.com', '672-468-8189', '0000-00-00', 'G'),
(317, 'Mandel', 'Chateau', 'mchateau8s@edublogs.org', '614-951-2698', '0000-00-00', 'S'),
(318, 'Gustav', 'Beevens', 'gbeevens8t@comsenz.com', '873-910-8221', '0000-00-00', 'G'),
(319, 'Annabal', 'Spiller', 'aspiller8u@pbs.org', '530-606-5709', '0000-00-00', 'S'),
(320, 'Lewie', 'Brucker', 'lbrucker8v@blogs.com', '912-710-0849', '0000-00-00', 'S'),
(321, 'Prinz', 'Conroy', 'pconroy8w@nhs.uk', '202-877-4368', '0000-00-00', 'S'),
(322, 'Theressa', 'Hoffmann', 'thoffmann8x@wisc.edu', '380-954-3617', '0000-00-00', 'B'),
(323, 'Myer', 'Oaker', 'moaker8y@altervista.org', '482-419-8237', '0000-00-00', 'B'),
(324, 'Eadie', 'Wesgate', 'ewesgate8z@unc.edu', '520-933-9716', '0000-00-00', 'B'),
(325, 'Leah', 'Bysouth', 'lbysouth90@google.com.hk', '336-890-6677', '0000-00-00', 'S'),
(326, 'Dukie', 'Loft', 'dloft91@123-reg.co.uk', '129-668-5827', '0000-00-00', 'G'),
(327, 'Charmine', 'Hiddsley', 'chiddsley92@dailymail.co.uk', '616-663-8862', '0000-00-00', 'B'),
(328, 'Arda', 'Thornbarrow', 'athornbarrow93@biglobe.ne.jp', '521-113-8536', '0000-00-00', 'B'),
(329, 'Cyndia', 'Hiley', 'chiley94@msu.edu', '206-364-5458', '0000-00-00', 'S'),
(330, 'Nester', 'Cestard', 'ncestard95@ucla.edu', '250-978-4009', '0000-00-00', 'G'),
(331, 'Amory', 'Graveston', 'agraveston96@booking.com', '663-227-5583', '0000-00-00', 'G'),
(332, 'Norbert', 'Horsey', 'nhorsey97@tinypic.com', '227-182-3796', '0000-00-00', 'G'),
(333, 'Theodor', 'Cosser', 'tcosser98@icq.com', '682-965-1349', '0000-00-00', 'G'),
(334, 'Ransom', 'Cridge', 'rcridge99@virginia.edu', '363-538-8800', '0000-00-00', 'S'),
(335, 'Ulysses', 'Folbigg', 'ufolbigg9a@wordpress.com', '701-713-3813', '0000-00-00', 'S'),
(336, 'Ivy', 'Scammonden', 'iscammonden9b@accuweather.com', '761-822-5499', '0000-00-00', 'G'),
(337, 'Luis', 'Dudin', 'ldudin9c@1688.com', '500-275-0563', '0000-00-00', 'G'),
(338, 'Terra', 'Brakewell', 'tbrakewell9d@sbwire.com', '676-327-3652', '0000-00-00', 'S'),
(339, 'Andromache', 'McIlvaney', 'amcilvaney9e@ed.gov', '730-809-1572', '0000-00-00', 'B'),
(340, 'Nickey', 'Valero', 'nvalero9f@blog.com', '511-644-3857', '0000-00-00', 'G'),
(341, 'Jayme', 'Raun', 'jraun9g@csmonitor.com', '480-416-2195', '0000-00-00', 'B'),
(342, 'Giana', 'Kroon', 'gkroon9h@cbslocal.com', '657-452-0041', '0000-00-00', 'B'),
(343, 'Marne', 'Cromleholme', 'mcromleholme9i@thetimes.co.uk', '301-727-2054', '0000-00-00', 'S'),
(344, 'Joan', 'Caller', 'jcaller9j@bandcamp.com', '327-775-1715', '0000-00-00', 'B'),
(345, 'Etienne', 'Yosifov', 'eyosifov9k@discovery.com', '295-356-7787', '0000-00-00', 'B'),
(346, 'Ashlee', 'Hackey', 'ahackey9l@spotify.com', '837-315-3475', '0000-00-00', 'S'),
(347, 'Brooks', 'Moorton', 'bmoorton9m@statcounter.com', '220-378-8746', '0000-00-00', 'G'),
(348, 'Bev', 'Slyde', 'bslyde9n@google.com.br', '911-999-7617', '0000-00-00', 'S'),
(349, 'Alaine', 'Beazleigh', 'abeazleigh9o@jugem.jp', '949-778-1411', '0000-00-00', 'S'),
(350, 'Nancie', 'Chaloner', 'nchaloner9p@sun.com', '284-647-5362', '0000-00-00', 'S'),
(351, 'Adair', 'Wooster', 'awooster9q@redcross.org', '192-235-6677', '0000-00-00', 'S'),
(352, 'Marline', 'Ebanks', 'mebanks9r@time.com', '361-189-8331', '0000-00-00', 'G'),
(353, 'Arni', 'Tidgewell', 'atidgewell9s@comsenz.com', '855-408-9823', '0000-00-00', 'S'),
(354, 'Nolan', 'Blanchard', 'nblanchard9t@naver.com', '226-556-4039', '0000-00-00', 'G'),
(355, 'Katharyn', 'Hursey', 'khursey9u@army.mil', '434-825-0805', '0000-00-00', 'B'),
(356, 'Margie', 'Furminger', 'mfurminger9v@washington.edu', '615-928-6972', '0000-00-00', 'S'),
(357, 'Benito', 'Mullin', 'bmullin9w@fema.gov', '779-468-5846', '0000-00-00', 'G'),
(358, 'Robers', 'Gemnett', 'rgemnett9x@t-online.de', '938-360-7444', '0000-00-00', 'G'),
(359, 'Welch', 'Millington', 'wmillington9y@aboutads.info', '671-404-5187', '0000-00-00', 'G'),
(360, 'Gwendolyn', 'Woltering', 'gwoltering9z@si.edu', '924-144-7693', '0000-00-00', 'G'),
(361, 'Rozalie', 'Donke', 'rdonkea0@soundcloud.com', '521-503-6818', '0000-00-00', 'S'),
(362, 'Eartha', 'Oliff', 'eoliffa1@miitbeian.gov.cn', '257-683-5253', '0000-00-00', 'G'),
(363, 'Christine', 'Ebben', 'cebbena2@salon.com', '834-129-4261', '0000-00-00', 'S'),
(364, 'Glynis', 'De La Haye', 'gdelahayea3@wp.com', '277-174-8257', '0000-00-00', 'B'),
(365, 'Lucho', 'Wenn', 'lwenna4@multiply.com', '995-487-1702', '0000-00-00', 'B'),
(366, 'Bessie', 'Eastmead', 'beastmeada5@patch.com', '637-908-8390', '0000-00-00', 'G'),
(367, 'Caralie', 'Curbishley', 'ccurbishleya6@skype.com', '903-632-9273', '0000-00-00', 'S'),
(368, 'Janna', 'Hrinishin', 'jhrinishina7@about.me', '354-354-3587', '0000-00-00', 'B'),
(369, 'Emery', 'Belderson', 'ebeldersona8@tamu.edu', '877-140-7575', '0000-00-00', 'B'),
(370, 'Dion', 'Foulstone', 'dfoulstonea9@example.com', '321-541-8861', '0000-00-00', 'G'),
(371, 'Trent', 'Wolpert', 'twolpertaa@answers.com', '334-280-3980', '0000-00-00', 'B'),
(372, 'Gerianna', 'Fritter', 'gfritterab@newyorker.com', '204-767-6472', '0000-00-00', 'G'),
(373, 'Purcell', 'Satterlee', 'psatterleeac@noaa.gov', '192-845-3501', '0000-00-00', 'S'),
(374, 'Matthus', 'Linggood', 'mlinggoodad@yahoo.com', '721-107-5669', '0000-00-00', 'B'),
(375, 'Iona', 'Fannin', 'ifanninae@gizmodo.com', '673-397-7334', '0000-00-00', 'B'),
(376, 'Pat', 'McQuirter', 'pmcquirteraf@omniture.com', '152-457-9013', '0000-00-00', 'S'),
(377, 'Dietrich', 'Pester', 'dpesterag@discuz.net', '906-138-2207', '0000-00-00', 'B'),
(378, 'Elita', 'Squelch', 'esquelchah@odnoklassniki.ru', '683-290-3233', '0000-00-00', 'B'),
(379, 'Vida', 'Mibourne', 'vmibourneai@fema.gov', '941-304-2801', '0000-00-00', 'B'),
(380, 'Gallard', 'Lyttle', 'glyttleaj@quantcast.com', '339-140-5735', '0000-00-00', 'S'),
(381, 'Kessia', 'Freer', 'kfreerak@creativecommons.org', '362-330-4344', '0000-00-00', 'B'),
(382, 'Linnie', 'Stirrip', 'lstirripal@t.co', '645-570-5742', '0000-00-00', 'S'),
(383, 'Gerry', 'Hegley', 'ghegleyam@answers.com', '920-193-5942', '0000-00-00', 'S'),
(384, 'Consalve', 'Addenbrooke', 'caddenbrookean@google.co.jp', '673-235-4446', '0000-00-00', 'G'),
(385, 'Hildegaard', 'D\'Alesio', 'hdalesioao@oracle.com', '853-401-1328', '0000-00-00', 'B'),
(386, 'Alphonse', 'Klosges', 'aklosgesap@multiply.com', '547-806-9301', '0000-00-00', 'B'),
(387, 'Bil', 'Longland', 'blonglandaq@drupal.org', '779-423-3694', '0000-00-00', 'B'),
(388, 'Stacee', 'Boeck', 'sboeckar@sohu.com', '419-294-0841', '0000-00-00', 'B'),
(389, 'Thadeus', 'Pozzo', 'tpozzoas@mozilla.com', '152-651-0833', '0000-00-00', 'S'),
(390, 'Germaine', 'Marzellano', 'gmarzellanoat@t-online.de', '717-223-3107', '0000-00-00', 'G'),
(391, 'Cally', 'Chubb', 'cchubbau@amazonaws.com', '411-444-3774', '0000-00-00', 'S'),
(392, 'Rob', 'Hellings', 'rhellingsav@ucoz.com', '205-645-4543', '0000-00-00', 'B'),
(393, 'Tawsha', 'Filisov', 'tfilisovaw@ft.com', '168-255-3405', '0000-00-00', 'G'),
(394, 'Nanni', 'Agutter', 'nagutterax@surveymonkey.com', '610-236-5441', '0000-00-00', 'B'),
(395, 'Cullan', 'Dominey', 'cdomineyay@ebay.co.uk', '786-858-3884', '0000-00-00', 'S'),
(396, 'Kingsly', 'McGrah', 'kmcgrahaz@nature.com', '998-775-8631', '0000-00-00', 'S'),
(397, 'Matti', 'Aizikovitz', 'maizikovitzb0@purevolume.com', '598-879-1154', '0000-00-00', 'G'),
(398, 'Ileane', 'Trevan', 'itrevanb1@dailymotion.com', '633-947-8264', '0000-00-00', 'B'),
(399, 'Brendan', 'Setter', 'bsetterb2@shutterfly.com', '119-764-9887', '0000-00-00', 'S'),
(400, 'Freddie', 'Citrine', 'fcitrineb3@paginegialle.it', '138-736-2997', '0000-00-00', 'G'),
(401, 'Wenonah', 'Gott', 'wgottb4@digg.com', '553-101-8463', '0000-00-00', 'B'),
(402, 'Kristin', 'Middas', 'kmiddasb5@merriam-webster.com', '586-255-7421', '0000-00-00', 'G'),
(403, 'Aubrette', 'LAbbet', 'alabbetb6@yelp.com', '287-166-4298', '0000-00-00', 'B'),
(404, 'Allison', 'Jirasek', 'ajirasekb7@bbb.org', '405-344-6127', '0000-00-00', 'G'),
(405, 'Filippa', 'Leuren', 'fleurenb8@go.com', '484-713-8613', '0000-00-00', 'G'),
(406, 'Jehanna', 'Chilles', 'jchillesb9@artisteer.com', '727-687-8931', '0000-00-00', 'S'),
(407, 'Cherise', 'Eydel', 'ceydelba@shop-pro.jp', '160-318-7616', '0000-00-00', 'B'),
(408, 'Juli', 'Hackelton', 'jhackeltonbb@myspace.com', '780-389-7342', '0000-00-00', 'G'),
(409, 'Quintin', 'Goldhill', 'qgoldhillbc@uol.com.br', '647-706-3219', '0000-00-00', 'S'),
(410, 'Nevile', 'Waddie', 'nwaddiebd@paypal.com', '918-744-3685', '0000-00-00', 'B'),
(411, 'Silvano', 'MacGaughy', 'smacgaughybe@engadget.com', '967-248-9056', '0000-00-00', 'G'),
(412, 'Neill', 'Snozzwell', 'nsnozzwellbf@twitpic.com', '972-627-0632', '0000-00-00', 'S'),
(413, 'Bourke', 'Handy', 'bhandybg@netvibes.com', '567-948-7974', '0000-00-00', 'B'),
(414, 'Even', 'Stenett', 'estenettbh@cornell.edu', '742-297-1641', '0000-00-00', 'B'),
(415, 'Mala', 'Seyers', 'mseyersbi@addtoany.com', '966-345-8472', '0000-00-00', 'S'),
(416, 'Dyna', 'Haslehurst', 'dhaslehurstbj@gmpg.org', '715-851-1780', '0000-00-00', 'B'),
(417, 'Odille', 'Pickance', 'opickancebk@cnn.com', '408-817-8697', '0000-00-00', 'B'),
(418, 'Sondra', 'Franzel', 'sfranzelbl@mail.ru', '464-349-7837', '0000-00-00', 'B'),
(419, 'Bonita', 'Pilsbury', 'bpilsburybm@printfriendly.com', '886-284-0382', '0000-00-00', 'G'),
(420, 'Jule', 'Stodit', 'jstoditbn@cafepress.com', '166-147-9435', '0000-00-00', 'G'),
(421, 'Svend', 'Arthurs', 'sarthursbo@cornell.edu', '557-173-4045', '0000-00-00', 'B'),
(422, 'Laverna', 'Simonot', 'lsimonotbp@furl.net', '112-176-1799', '0000-00-00', 'G'),
(423, 'Alis', 'MacGaughy', 'amacgaughybq@fastcompany.com', '614-903-4707', '0000-00-00', 'B'),
(424, 'Carry', 'Billo', 'cbillobr@un.org', '100-925-5209', '0000-00-00', 'G'),
(425, 'Gerhardine', 'Cowx', 'gcowxbs@webs.com', '921-410-3401', '0000-00-00', 'B'),
(426, 'Stoddard', 'Cordel', 'scordelbt@ucla.edu', '616-406-2835', '0000-00-00', 'G'),
(427, 'Robinetta', 'Goodale', 'rgoodalebu@ustream.tv', '647-391-3900', '0000-00-00', 'G'),
(428, 'Maxie', 'Oxtarby', 'moxtarbybv@unblog.fr', '767-275-0738', '0000-00-00', 'G'),
(429, 'Viviene', 'Troughton', 'vtroughtonbw@biblegateway.com', '984-339-5737', '0000-00-00', 'S'),
(430, 'Winslow', 'Sadlier', 'wsadlierbx@scientificamerican.com', '397-327-0144', '0000-00-00', 'B'),
(431, 'Valery', 'M\'Quharge', 'vmquhargeby@blogtalkradio.com', '224-732-4915', '0000-00-00', 'B'),
(432, 'Salomon', 'Spark', 'ssparkbz@dropbox.com', '675-887-2118', '0000-00-00', 'S'),
(433, 'Nelie', 'Roddam', 'nroddamc0@360.cn', '668-134-6202', '0000-00-00', 'S'),
(434, 'Sella', 'Vasyunkin', 'svasyunkinc1@youtu.be', '458-128-7915', '0000-00-00', 'S'),
(435, 'Roseann', 'Jelphs', 'rjelphsc2@sciencedirect.com', '195-794-5267', '0000-00-00', 'G'),
(436, 'Margaretha', 'Southey', 'msoutheyc3@blinklist.com', '723-154-6218', '0000-00-00', 'S'),
(437, 'Lebbie', 'Gerger', 'lgergerc4@sohu.com', '693-979-0010', '0000-00-00', 'B'),
(438, 'Danita', 'Sanbroke', 'dsanbrokec5@usda.gov', '636-429-0068', '0000-00-00', 'G'),
(439, 'Rochette', 'Sloane', 'rsloanec6@accuweather.com', '190-950-8564', '0000-00-00', 'B'),
(440, 'Vassily', 'Yushin', 'vyushinc7@wufoo.com', '325-843-3454', '0000-00-00', 'B'),
(441, 'Garwin', 'Cassells', 'gcassellsc8@theglobeandmail.com', '380-614-9894', '0000-00-00', 'G'),
(442, 'Elisabet', 'Mowbray', 'emowbrayc9@t.co', '933-715-0566', '0000-00-00', 'S'),
(443, 'Chantal', 'Dodworth', 'cdodworthca@smugmug.com', '705-778-9119', '0000-00-00', 'S'),
(444, 'Lorinda', 'Seignior', 'lseigniorcb@utexas.edu', '671-153-3836', '0000-00-00', 'G'),
(445, 'Reeba', 'Sinderland', 'rsinderlandcc@oaic.gov.au', '696-367-0300', '0000-00-00', 'B'),
(446, 'Reggie', 'Nelson', 'rnelsoncd@list-manage.com', '283-356-8745', '0000-00-00', 'G'),
(447, 'Odie', 'Hartil', 'ohartilce@naver.com', '294-418-9448', '0000-00-00', 'G'),
(448, 'Fletch', 'Borsnall', 'fborsnallcf@utexas.edu', '553-919-0829', '0000-00-00', 'G'),
(449, 'Liz', 'Latimer', 'llatimercg@wordpress.org', '705-944-5413', '0000-00-00', 'G'),
(450, 'Stu', 'd\' Eye', 'sdeyech@si.edu', '962-256-4064', '0000-00-00', 'B'),
(451, 'Devi', 'Mackro', 'dmackroci@123-reg.co.uk', '298-481-6157', '0000-00-00', 'G'),
(452, 'Guinevere', 'Petrowsky', 'gpetrowskycj@sciencedirect.com', '243-476-2997', '0000-00-00', 'G'),
(453, 'Clive', 'Joseland', 'cjoselandck@behance.net', '310-700-0308', '0000-00-00', 'S'),
(454, 'Marc', 'Cockerton', 'mcockertoncl@house.gov', '498-820-2592', '0000-00-00', 'B'),
(455, 'Rheba', 'Deeprose', 'rdeeprosecm@uol.com.br', '645-367-4789', '0000-00-00', 'B'),
(456, 'Bay', 'Oggers', 'boggerscn@nifty.com', '874-319-9451', '0000-00-00', 'S'),
(457, 'May', 'Annett', 'mannettco@twitpic.com', '547-173-4464', '0000-00-00', 'G'),
(458, 'Tedman', 'Palmby', 'tpalmbycp@parallels.com', '498-323-8439', '0000-00-00', 'B'),
(459, 'Fields', 'Kauffman', 'fkauffmancq@whitehouse.gov', '366-234-8294', '0000-00-00', 'B'),
(460, 'Toiboid', 'Marrow', 'tmarrowcr@dmoz.org', '973-644-1400', '0000-00-00', 'B'),
(461, 'Gunner', 'Porcas', 'gporcascs@adobe.com', '675-149-9471', '0000-00-00', 'B'),
(462, 'Eustacia', 'McGonnell', 'emcgonnellct@ed.gov', '212-525-5494', '0000-00-00', 'B'),
(463, 'Nevil', 'Willcocks', 'nwillcockscu@rediff.com', '844-216-3811', '0000-00-00', 'G'),
(464, 'Robinetta', 'Sawart', 'rsawartcv@tamu.edu', '589-297-0340', '0000-00-00', 'G'),
(465, 'Shem', 'Speare', 'sspearecw@blogtalkradio.com', '540-278-8762', '0000-00-00', 'S'),
(466, 'Miguel', 'Oakeshott', 'moakeshottcx@sitemeter.com', '699-828-9620', '0000-00-00', 'G'),
(467, 'Bronson', 'Scade', 'bscadecy@bizjournals.com', '891-408-7790', '0000-00-00', 'B'),
(468, 'Lennie', 'Gingedale', 'lgingedalecz@github.com', '528-114-3684', '0000-00-00', 'G'),
(469, 'Angus', 'Gosforth', 'agosforthd0@archive.org', '753-388-2723', '0000-00-00', 'B'),
(470, 'Ambros', 'Organer', 'aorganerd1@ehow.com', '326-665-0093', '0000-00-00', 'G'),
(471, 'Valeda', 'Muino', 'vmuinod2@multiply.com', '944-712-1983', '0000-00-00', 'B'),
(472, 'Dorelia', 'Fidgin', 'dfidgind3@wsj.com', '151-125-3364', '0000-00-00', 'S'),
(473, 'Brigit', 'Follows', 'bfollowsd4@hostgator.com', '263-683-4957', '0000-00-00', 'S'),
(474, 'Alysia', 'Darwin', 'adarwind5@mac.com', '922-922-6449', '0000-00-00', 'G'),
(475, 'Billy', 'Spurrett', 'bspurrettd6@blogtalkradio.com', '240-421-2439', '0000-00-00', 'G'),
(476, 'Lynda', 'MacGorley', 'lmacgorleyd7@ucsd.edu', '879-520-3333', '0000-00-00', 'B'),
(477, 'Tricia', 'Teas', 'tteasd8@clickbank.net', '616-973-8076', '0000-00-00', 'B'),
(478, 'Darice', 'Calvie', 'dcalvied9@parallels.com', '895-988-9279', '0000-00-00', 'G'),
(479, 'Penny', 'Lowing', 'plowingda@google.com.au', '352-964-8475', '0000-00-00', 'G'),
(480, 'Sarajane', 'Fairfull', 'sfairfulldb@freewebs.com', '425-907-4210', '0000-00-00', 'S'),
(481, 'Debera', 'Pennicott', 'dpennicottdc@harvard.edu', '275-490-5885', '0000-00-00', 'G'),
(482, 'Hetty', 'Cohr', 'hcohrdd@e-recht24.de', '569-624-6636', '0000-00-00', 'S'),
(483, 'Jacquette', 'Cantillion', 'jcantillionde@google.ca', '903-534-5249', '0000-00-00', 'B'),
(484, 'Hazlett', 'Shaw', 'hshawdf@addtoany.com', '316-205-2648', '0000-00-00', 'B'),
(485, 'Harwell', 'Heigold', 'hheigolddg@netscape.com', '706-980-1698', '0000-00-00', 'G'),
(486, 'Fredi', 'Friett', 'ffriettdh@apache.org', '203-511-5142', '0000-00-00', 'G'),
(487, 'Midge', 'Simoneschi', 'msimoneschidi@printfriendly.com', '761-310-3463', '0000-00-00', 'S'),
(488, 'Blayne', 'Sacker', 'bsackerdj@etsy.com', '609-751-5597', '0000-00-00', 'S'),
(489, 'Hartwell', 'Bullimore', 'hbullimoredk@devhub.com', '896-592-1368', '0000-00-00', 'B'),
(490, 'Norah', 'Rissen', 'nrissendl@google.co.jp', '255-687-0194', '0000-00-00', 'G'),
(491, 'Phillipp', 'Taunton.', 'ptauntondm@arizona.edu', '567-593-4755', '0000-00-00', 'B'),
(492, 'Farrell', 'Fencott', 'ffencottdn@nsw.gov.au', '821-688-7205', '0000-00-00', 'B'),
(493, 'Florri', 'Swate', 'fswatedo@twitpic.com', '117-697-3007', '0000-00-00', 'B'),
(494, 'Lianna', 'Cureton', 'lcuretondp@archive.org', '714-883-7766', '0000-00-00', 'S'),
(495, 'Yvon', 'Tappin', 'ytappindq@list-manage.com', '205-187-9838', '0000-00-00', 'B'),
(496, 'Edvard', 'O\'Hone', 'eohonedr@pcworld.com', '665-575-5045', '0000-00-00', 'B'),
(497, 'Adler', 'Treweek', 'atreweekds@myspace.com', '345-945-5731', '0000-00-00', 'B'),
(498, 'Kellen', 'Zanicchi', 'kzanicchidt@jiathis.com', '915-986-2467', '0000-00-00', 'S'),
(499, 'Renata', 'Gajewski', 'rgajewskidu@state.gov', '559-102-8802', '0000-00-00', 'B'),
(500, 'Wayland', 'Gozzett', 'wgozzettdv@businessweek.com', '480-638-3795', '0000-00-00', 'B'),
(501, 'Aleta', 'Conew', 'aconewdw@google.com.br', '971-482-3549', '0000-00-00', 'S'),
(502, 'Roberta', 'Kiehnlt', 'rkiehnltdx@shop-pro.jp', '598-107-3682', '0000-00-00', 'S'),
(503, 'Anetta', 'Rawsthorn', 'arawsthorndy@fema.gov', '331-991-3314', '0000-00-00', 'G'),
(504, 'Tessie', 'Townes', 'ttownesdz@kickstarter.com', '530-181-5071', '0000-00-00', 'B'),
(505, 'Lindsey', 'Sellars', 'lsellarse0@de.vu', '965-218-1887', '0000-00-00', 'B'),
(506, 'Gene', 'Ceeley', 'gceeleye1@pbs.org', '958-525-0699', '0000-00-00', 'B'),
(507, 'Elvina', 'Gregoli', 'egregolie2@businessweek.com', '936-377-6650', '0000-00-00', 'G'),
(508, 'Maure', 'Nortcliffe', 'mnortcliffee3@mediafire.com', '589-922-9870', '0000-00-00', 'G'),
(509, 'Lorne', 'Feldhorn', 'lfeldhorne4@addtoany.com', '947-793-6163', '0000-00-00', 'S'),
(510, 'Donnell', 'Spight', 'dspighte5@altervista.org', '950-700-9604', '0000-00-00', 'S'),
(511, 'Yalonda', 'Danell', 'ydanelle6@about.com', '145-558-1676', '0000-00-00', 'B'),
(512, 'Stafford', 'Cavalier', 'scavaliere7@weibo.com', '581-819-5178', '0000-00-00', 'G'),
(513, 'Uriah', 'Bernardet', 'ubernardete8@purevolume.com', '600-107-9069', '0000-00-00', 'B'),
(514, 'Rosemarie', 'Butterfint', 'rbutterfinte9@imageshack.us', '263-312-5047', '0000-00-00', 'S'),
(515, 'Inger', 'Inchbald', 'iinchbaldea@foxnews.com', '929-526-9847', '0000-00-00', 'B'),
(516, 'Trista', 'Collard', 'tcollardeb@webeden.co.uk', '314-107-6714', '0000-00-00', 'B'),
(517, 'Zaccaria', 'Basham', 'zbashamec@php.net', '187-761-8112', '0000-00-00', 'G'),
(518, 'Brock', 'Oke', 'bokeed@dion.ne.jp', '822-903-8539', '0000-00-00', 'S'),
(519, 'Katti', 'Jenkison', 'kjenkisonee@ox.ac.uk', '475-805-2935', '0000-00-00', 'G'),
(520, 'Rusty', 'Malpass', 'rmalpassef@phoca.cz', '201-324-3882', '0000-00-00', 'B'),
(521, 'Lynne', 'Cannop', 'lcannopeg@telegraph.co.uk', '934-210-5783', '0000-00-00', 'B'),
(522, 'Gipsy', 'Karlolczak', 'gkarlolczakeh@icio.us', '391-106-6841', '0000-00-00', 'G'),
(523, 'Mickie', 'Manneville', 'mmannevilleei@fema.gov', '313-471-5682', '0000-00-00', 'S'),
(524, 'Kerri', 'Megson', 'kmegsonej@nymag.com', '503-444-9187', '0000-00-00', 'B'),
(525, 'Shermy', 'Dumpleton', 'sdumpletonek@newsvine.com', '820-215-7513', '0000-00-00', 'S'),
(526, 'Crysta', 'De Malchar', 'cdemalcharel@chronoengine.com', '452-230-5855', '0000-00-00', 'B'),
(527, 'Brady', 'Breed', 'bbreedem@mapquest.com', '851-474-9965', '0000-00-00', 'B'),
(528, 'Nicolle', 'Beekman', 'nbeekmanen@altervista.org', '555-578-2688', '0000-00-00', 'B'),
(529, 'Tessie', 'Sturges', 'tsturgeseo@hp.com', '987-881-8386', '0000-00-00', 'B'),
(530, 'Nell', 'Houtby', 'nhoutbyep@icq.com', '909-263-7300', '0000-00-00', 'G'),
(531, 'Skipton', 'Solomonides', 'ssolomonideseq@amazon.de', '880-363-4146', '0000-00-00', 'G'),
(532, 'Melosa', 'Jambrozek', 'mjambrozeker@imgur.com', '251-911-7636', '0000-00-00', 'G'),
(533, 'Kori', 'Bridgement', 'kbridgementes@soundcloud.com', '907-841-5320', '0000-00-00', 'G'),
(534, 'Violetta', 'Walsom', 'vwalsomet@posterous.com', '967-369-7421', '0000-00-00', 'S'),
(535, 'Cathe', 'Duffyn', 'cduffyneu@canalblog.com', '939-404-9638', '0000-00-00', 'B'),
(536, 'Lola', 'Flament', 'lflamentev@economist.com', '359-967-8046', '0000-00-00', 'S'),
(537, 'Irwin', 'Gounel', 'igounelew@auda.org.au', '154-490-8969', '0000-00-00', 'G'),
(538, 'Moises', 'Everall', 'meverallex@baidu.com', '968-426-2685', '0000-00-00', 'G'),
(539, 'Vicki', 'Geggie', 'vgeggieey@4shared.com', '361-193-5403', '0000-00-00', 'B'),
(540, 'Salvidor', 'Straker', 'sstrakerez@plala.or.jp', '879-568-5939', '0000-00-00', 'S'),
(541, 'Harlen', 'Jenne', 'hjennef0@scientificamerican.com', '220-811-8945', '0000-00-00', 'G'),
(542, 'Gabriela', 'MacNess', 'gmacnessf1@cnbc.com', '751-100-4777', '0000-00-00', 'S'),
(543, 'Jobey', 'Cinavas', 'jcinavasf2@arizona.edu', '735-849-3571', '0000-00-00', 'G'),
(544, 'Gunar', 'Della', 'gdellaf3@google.ca', '751-457-0330', '0000-00-00', 'G'),
(545, 'Chen', 'Giaomozzo', 'cgiaomozzof4@cbc.ca', '972-184-9559', '0000-00-00', 'B'),
(546, 'Lucilia', 'Maddyson', 'lmaddysonf5@reference.com', '188-370-1995', '0000-00-00', 'B'),
(547, 'Chanda', 'Grooby', 'cgroobyf6@vk.com', '555-529-5988', '0000-00-00', 'S'),
(548, 'Hartwell', 'Ludgrove', 'hludgrovef7@rakuten.co.jp', '661-922-2561', '0000-00-00', 'B'),
(549, 'Emory', 'Van den Broek', 'evandenbroekf8@mediafire.com', '791-162-8631', '0000-00-00', 'S'),
(550, 'Paula', 'Cronkshaw', 'pcronkshawf9@ftc.gov', '368-456-1047', '0000-00-00', 'B'),
(551, 'Gale', 'Willcot', 'gwillcotfa@nsw.gov.au', '129-650-6894', '0000-00-00', 'S'),
(552, 'Tansy', 'Cammacke', 'tcammackefb@harvard.edu', '330-713-9859', '0000-00-00', 'B'),
(553, 'Jacquenette', 'Oager', 'joagerfc@arstechnica.com', '637-782-1002', '0000-00-00', 'B'),
(554, 'Viviene', 'Ewers', 'vewersfd@google.com.au', '947-406-2342', '0000-00-00', 'S'),
(555, 'Genovera', 'Nightingale', 'gnightingalefe@blog.com', '247-866-9368', '0000-00-00', 'S'),
(556, 'Adoree', 'Spearing', 'aspearingff@vimeo.com', '529-760-5703', '0000-00-00', 'S'),
(557, 'Floria', 'Diess', 'fdiessfg@topsy.com', '516-735-7759', '0000-00-00', 'S'),
(558, 'Fanni', 'Tosh', 'ftoshfh@china.com.cn', '247-168-5160', '0000-00-00', 'S'),
(559, 'Thorn', 'Jephcote', 'tjephcotefi@bigcartel.com', '615-907-2752', '0000-00-00', 'G'),
(560, 'Vale', 'Burdikin', 'vburdikinfj@altervista.org', '936-747-1454', '0000-00-00', 'S'),
(561, 'Erasmus', 'Sivess', 'esivessfk@newsvine.com', '164-757-8717', '0000-00-00', 'B'),
(562, 'Leeanne', 'Northrop', 'lnorthropfl@yellowpages.com', '541-973-1235', '0000-00-00', 'B'),
(563, 'Samara', 'Klemke', 'sklemkefm@eventbrite.com', '903-536-0813', '0000-00-00', 'G'),
(564, 'Regan', 'Brierly', 'rbrierlyfn@webeden.co.uk', '258-156-8031', '0000-00-00', 'G'),
(565, 'Cristiano', 'McCallam', 'cmccallamfo@spotify.com', '676-168-6703', '0000-00-00', 'B'),
(566, 'Caro', 'Clelle', 'cclellefp@imdb.com', '347-737-0231', '0000-00-00', 'S'),
(567, 'Aloysia', 'Paoli', 'apaolifq@samsung.com', '640-817-5000', '0000-00-00', 'S'),
(568, 'Cara', 'Yard', 'cyardfr@163.com', '144-661-1774', '0000-00-00', 'B'),
(569, 'Melisandra', 'Stanmer', 'mstanmerfs@stanford.edu', '344-108-6040', '0000-00-00', 'S'),
(570, 'Lezlie', 'Hubberstey', 'lhubbersteyft@blogspot.com', '229-163-8395', '0000-00-00', 'G'),
(571, 'Henka', 'Tonkes', 'htonkesfu@chicagotribune.com', '381-135-8716', '0000-00-00', 'B'),
(572, 'Syman', 'Stickley', 'sstickleyfv@craigslist.org', '982-756-9573', '0000-00-00', 'G'),
(573, 'Theresa', 'McGown', 'tmcgownfw@usda.gov', '249-230-1544', '0000-00-00', 'S'),
(574, 'Donnamarie', 'Rugge', 'druggefx@nationalgeographic.com', '987-984-0456', '0000-00-00', 'B');
INSERT INTO `store_customer` (`id`, `first_name`, `last_name`, `email`, `phone`, `birth_date`, `membership`) VALUES
(575, 'Rodolphe', 'Scholl', 'rschollfy@e-recht24.de', '161-734-3394', '0000-00-00', 'S'),
(576, 'Benedick', 'Boraston', 'bborastonfz@who.int', '808-822-3736', '0000-00-00', 'G'),
(577, 'Noe', 'Speek', 'nspeekg0@lycos.com', '439-126-7028', '0000-00-00', 'G'),
(578, 'Katy', 'McGarrahan', 'kmcgarrahang1@barnesandnoble.com', '497-285-7527', '0000-00-00', 'G'),
(579, 'Clim', 'Richel', 'crichelg2@tmall.com', '437-354-9122', '0000-00-00', 'S'),
(580, 'Rose', 'Ander', 'randerg3@miitbeian.gov.cn', '674-531-4076', '0000-00-00', 'G'),
(581, 'Caryn', 'Alvarez', 'calvarezg4@dropbox.com', '400-724-8487', '0000-00-00', 'G'),
(582, 'Moritz', 'McCreath', 'mmccreathg5@telegraph.co.uk', '973-774-4228', '0000-00-00', 'S'),
(583, 'Frederik', 'Manntschke', 'fmanntschkeg6@economist.com', '151-827-4844', '0000-00-00', 'G'),
(584, 'Ulises', 'Mundle', 'umundleg7@samsung.com', '744-547-1125', '0000-00-00', 'S'),
(585, 'Korney', 'D\'Aguanno', 'kdaguannog8@odnoklassniki.ru', '529-635-9972', '0000-00-00', 'G'),
(586, 'Winfield', 'Julyan', 'wjulyang9@scribd.com', '688-429-6209', '0000-00-00', 'B'),
(587, 'Aurelie', 'Rapport', 'arapportga@ycombinator.com', '775-190-2255', '0000-00-00', 'S'),
(588, 'Sigismundo', 'Matheson', 'smathesongb@cnn.com', '886-480-0440', '0000-00-00', 'G'),
(589, 'Teressa', 'Luisetti', 'tluisettigc@independent.co.uk', '122-362-0839', '0000-00-00', 'G'),
(590, 'Sayer', 'Blaber', 'sblabergd@nymag.com', '356-349-9203', '0000-00-00', 'B'),
(591, 'Ruthie', 'Snelling', 'rsnellingge@people.com.cn', '192-115-7355', '0000-00-00', 'S'),
(592, 'Jennie', 'Robjohns', 'jrobjohnsgf@tmall.com', '271-731-9257', '0000-00-00', 'B'),
(593, 'Billy', 'Klimochkin', 'bklimochkingg@slate.com', '139-392-6479', '0000-00-00', 'G'),
(594, 'Micheal', 'Butt Gow', 'mbuttgowgh@ted.com', '918-833-0297', '0000-00-00', 'B'),
(595, 'Jehu', 'Farres', 'jfarresgi@usda.gov', '413-515-9047', '0000-00-00', 'B'),
(596, 'Dari', 'Gossage', 'dgossagegj@google.it', '100-889-6111', '0000-00-00', 'G'),
(597, 'Indira', 'Woodford', 'iwoodfordgk@phoca.cz', '737-425-7088', '0000-00-00', 'G'),
(598, 'Evangeline', 'Jordi', 'ejordigl@icq.com', '109-816-0736', '0000-00-00', 'G'),
(599, 'Janis', 'Salla', 'jsallagm@storify.com', '911-594-9947', '0000-00-00', 'G'),
(600, 'Marijn', 'Brigden', 'mbrigdengn@prlog.org', '330-699-7907', '0000-00-00', 'S'),
(601, 'Kendrick', 'Plaid', 'kplaidgo@dell.com', '361-431-1432', '0000-00-00', 'S'),
(602, 'Deane', 'Gilfoyle', 'dgilfoylegp@hostgator.com', '217-682-2969', '0000-00-00', 'S'),
(603, 'Saudra', 'Olifaunt', 'solifauntgq@cnn.com', '196-737-3675', '0000-00-00', 'S'),
(604, 'Claiborne', 'Mitrovic', 'cmitrovicgr@jiathis.com', '807-817-4455', '0000-00-00', 'S'),
(605, 'Guillemette', 'Ramelet', 'grameletgs@oaic.gov.au', '350-218-2740', '0000-00-00', 'G'),
(606, 'Lionello', 'Mosten', 'lmostengt@answers.com', '567-199-2830', '0000-00-00', 'B'),
(607, 'Kelsy', 'Fucher', 'kfuchergu@chicagotribune.com', '769-149-0152', '0000-00-00', 'B'),
(608, 'Anna-maria', 'Hudspeth', 'ahudspethgv@whitehouse.gov', '289-883-2078', '0000-00-00', 'S'),
(609, 'Donny', 'Valti', 'dvaltigw@bandcamp.com', '974-124-7457', '0000-00-00', 'B'),
(610, 'Alessandra', 'De Dantesie', 'adedantesiegx@mozilla.com', '422-148-9252', '0000-00-00', 'G'),
(611, 'Sarge', 'Duer', 'sduergy@icq.com', '506-735-2015', '0000-00-00', 'S'),
(612, 'Zackariah', 'Panas', 'zpanasgz@nymag.com', '522-189-8011', '0000-00-00', 'G'),
(613, 'Son', 'Sier', 'ssierh0@domainmarket.com', '265-585-7935', '0000-00-00', 'B'),
(614, 'Karissa', 'Zolini', 'kzolinih1@com.com', '800-145-6274', '0000-00-00', 'S'),
(615, 'Lyndsey', 'Wolfart', 'lwolfarth2@redcross.org', '229-849-4713', '0000-00-00', 'G'),
(616, 'Lenci', 'Drewitt', 'ldrewitth3@feedburner.com', '914-810-8593', '0000-00-00', 'S'),
(617, 'Aubert', 'Sconce', 'asconceh4@dyndns.org', '573-279-6731', '0000-00-00', 'S'),
(618, 'Amandie', 'Duckfield', 'aduckfieldh5@amazon.co.jp', '795-239-9873', '0000-00-00', 'S'),
(619, 'Roxy', 'Tippetts', 'rtippettsh6@narod.ru', '305-395-0816', '0000-00-00', 'S'),
(620, 'Virginie', 'Borrill', 'vborrillh7@sciencedirect.com', '391-388-5781', '0000-00-00', 'S'),
(621, 'Vittoria', 'Handy', 'vhandyh8@princeton.edu', '313-747-7350', '0000-00-00', 'S'),
(622, 'Abby', 'O\'Giany', 'aogianyh9@newsvine.com', '242-783-4681', '0000-00-00', 'B'),
(623, 'Pearline', 'O\'Cahey', 'pocaheyha@upenn.edu', '827-764-2895', '0000-00-00', 'G'),
(624, 'Cathe', 'Tolworth', 'ctolworthhb@mysql.com', '273-830-5874', '0000-00-00', 'G'),
(625, 'Jaclin', 'Renton', 'jrentonhc@i2i.jp', '931-950-6899', '0000-00-00', 'G'),
(626, 'Delphinia', 'Kincla', 'dkinclahd@ocn.ne.jp', '624-456-0571', '0000-00-00', 'S'),
(627, 'Staci', 'Anstis', 'sanstishe@blogs.com', '841-726-4237', '0000-00-00', 'B'),
(628, 'Cathee', 'Margerrison', 'cmargerrisonhf@edublogs.org', '616-676-5293', '0000-00-00', 'B'),
(629, 'Catherine', 'Loudian', 'cloudianhg@intel.com', '412-776-9960', '0000-00-00', 'B'),
(630, 'Mae', 'Bertelet', 'mbertelethh@qq.com', '245-758-2858', '0000-00-00', 'B'),
(631, 'Ermina', 'Rockhall', 'erockhallhi@java.com', '334-374-8652', '0000-00-00', 'B'),
(632, 'Giacomo', 'Yukhin', 'gyukhinhj@t-online.de', '769-208-7550', '0000-00-00', 'S'),
(633, 'Glendon', 'Chopin', 'gchopinhk@wiley.com', '202-676-0278', '0000-00-00', 'S'),
(634, 'Prudi', 'Lidgett', 'plidgetthl@ifeng.com', '466-117-1146', '0000-00-00', 'S'),
(635, 'Lyn', 'Kirtley', 'lkirtleyhm@blog.com', '185-148-5479', '0000-00-00', 'B'),
(636, 'Madelon', 'Chyuerton', 'mchyuertonhn@biglobe.ne.jp', '902-246-3263', '0000-00-00', 'G'),
(637, 'Jude', 'Ferenc', 'jferencho@gravatar.com', '257-692-8499', '0000-00-00', 'G'),
(638, 'Orren', 'Caswill', 'ocaswillhp@tuttocitta.it', '150-627-4179', '0000-00-00', 'S'),
(639, 'Lowell', 'Von Hindenburg', 'lvonhindenburghq@adobe.com', '317-962-7060', '0000-00-00', 'S'),
(640, 'Mickey', 'Lomax', 'mlomaxhr@bandcamp.com', '673-971-0450', '0000-00-00', 'B'),
(641, 'Coralie', 'Cescot', 'ccescoths@devhub.com', '469-659-8005', '0000-00-00', 'B'),
(642, 'Marsh', 'Wynter', 'mwynterht@friendfeed.com', '908-662-0788', '0000-00-00', 'B'),
(643, 'Gaston', 'Licence', 'glicencehu@nba.com', '773-477-1418', '0000-00-00', 'B'),
(644, 'Sharl', 'Cutting', 'scuttinghv@elegantthemes.com', '503-559-1547', '0000-00-00', 'S'),
(645, 'Ingram', 'Hector', 'ihectorhw@vimeo.com', '534-979-9394', '0000-00-00', 'B'),
(646, 'Leif', 'Philip', 'lphiliphx@buzzfeed.com', '597-108-5248', '0000-00-00', 'B'),
(647, 'Franni', 'Mapes', 'fmapeshy@nationalgeographic.com', '209-233-5388', '0000-00-00', 'B'),
(648, 'Kimbell', 'Vinnicombe', 'kvinnicombehz@ow.ly', '465-157-6448', '0000-00-00', 'S'),
(649, 'Inga', 'Yeoland', 'iyeolandi0@printfriendly.com', '669-460-4465', '0000-00-00', 'B'),
(650, 'Maryl', 'Bidnall', 'mbidnalli1@about.me', '645-884-5640', '0000-00-00', 'B'),
(651, 'Lucias', 'Treversh', 'ltrevershi2@123-reg.co.uk', '959-299-8174', '0000-00-00', 'G'),
(652, 'Dew', 'Jorcke', 'djorckei3@networkadvertising.org', '407-781-3685', '0000-00-00', 'B'),
(653, 'Jerri', 'Lidell', 'jlidelli4@ebay.co.uk', '593-291-0627', '0000-00-00', 'S'),
(654, 'Shelba', 'Bazoche', 'sbazochei5@sbwire.com', '659-670-4783', '0000-00-00', 'G'),
(655, 'Xenia', 'Rosendale', 'xrosendalei6@youku.com', '642-381-1328', '0000-00-00', 'B'),
(656, 'Barnabas', 'Lincoln', 'blincolni7@webmd.com', '261-217-9582', '0000-00-00', 'S'),
(657, 'Merci', 'Bignal', 'mbignali8@prweb.com', '599-507-5174', '0000-00-00', 'G'),
(658, 'Kristofer', 'Beviss', 'kbevissi9@npr.org', '109-180-6416', '0000-00-00', 'S'),
(659, 'Ezra', 'Imrie', 'eimrieia@cam.ac.uk', '888-716-7566', '0000-00-00', 'B'),
(660, 'Walsh', 'Eingerfield', 'weingerfieldib@washingtonpost.com', '505-794-6181', '0000-00-00', 'G'),
(661, 'Dion', 'Barrass', 'dbarrassic@reference.com', '680-383-1925', '0000-00-00', 'B'),
(662, 'Idette', 'Haddleston', 'ihaddlestonid@merriam-webster.com', '173-787-0846', '0000-00-00', 'B'),
(663, 'Wynn', 'Neggrini', 'wneggriniie@4shared.com', '394-846-7903', '0000-00-00', 'S'),
(664, 'Russell', 'Craddock', 'rcraddockif@pinterest.com', '540-764-4579', '0000-00-00', 'B'),
(665, 'Yelena', 'Sewill', 'ysewillig@scribd.com', '397-877-4246', '0000-00-00', 'S'),
(666, 'Addy', 'Goldston', 'agoldstonih@army.mil', '950-218-8464', '0000-00-00', 'G'),
(667, 'Angelo', 'Sheriff', 'asheriffii@hc360.com', '605-740-4993', '0000-00-00', 'B'),
(668, 'Duff', 'Fairley', 'dfairleyij@cocolog-nifty.com', '660-309-2136', '0000-00-00', 'G'),
(669, 'Orran', 'Abbate', 'oabbateik@walmart.com', '768-456-8726', '0000-00-00', 'S'),
(670, 'Ofilia', 'Idale', 'oidaleil@huffingtonpost.com', '969-727-2853', '0000-00-00', 'G'),
(671, 'Cara', 'Banton', 'cbantonim@yelp.com', '824-739-3680', '0000-00-00', 'B'),
(672, 'Vivian', 'Cleyne', 'vcleynein@abc.net.au', '525-578-0489', '0000-00-00', 'G'),
(673, 'Harvey', 'Atwell', 'hatwellio@marketwatch.com', '389-385-5726', '0000-00-00', 'G'),
(674, 'Devin', 'Iacovelli', 'diacovelliip@cbsnews.com', '814-444-2064', '0000-00-00', 'B'),
(675, 'Araldo', 'Venn', 'avenniq@ebay.com', '654-128-9275', '0000-00-00', 'B'),
(676, 'Colman', 'Thewles', 'cthewlesir@prlog.org', '212-234-2701', '0000-00-00', 'S'),
(677, 'Kalli', 'Brute', 'kbruteis@cam.ac.uk', '469-515-4991', '0000-00-00', 'G'),
(678, 'Demetri', 'Bawcock', 'dbawcockit@time.com', '586-294-6498', '0000-00-00', 'S'),
(679, 'Jessey', 'Harrismith', 'jharrismithiu@state.gov', '460-471-8001', '0000-00-00', 'B'),
(680, 'Simon', 'Villar', 'svillariv@reddit.com', '921-232-5182', '0000-00-00', 'S'),
(681, 'Laetitia', 'De Filippo', 'ldefilippoiw@cbslocal.com', '137-565-1167', '0000-00-00', 'S'),
(682, 'Amandy', 'Joselson', 'ajoselsonix@sogou.com', '480-978-1367', '0000-00-00', 'G'),
(683, 'Bryana', 'Belfelt', 'bbelfeltiy@sitemeter.com', '117-371-5034', '0000-00-00', 'G'),
(684, 'Tuckie', 'Muzzi', 'tmuzziiz@google.es', '272-222-0975', '0000-00-00', 'G'),
(685, 'Christel', 'Kalker', 'ckalkerj0@nature.com', '990-300-4873', '0000-00-00', 'S'),
(686, 'Oralia', 'Podmore', 'opodmorej1@newsvine.com', '780-482-7903', '0000-00-00', 'S'),
(687, 'Timotheus', 'Erangy', 'terangyj2@weibo.com', '352-901-3786', '0000-00-00', 'G'),
(688, 'Darwin', 'Barlass', 'dbarlassj3@marketwatch.com', '744-289-0002', '0000-00-00', 'G'),
(689, 'Gavra', 'Ellum', 'gellumj4@plala.or.jp', '403-646-1611', '0000-00-00', 'G'),
(690, 'Stillmann', 'Perkis', 'sperkisj5@go.com', '593-965-6402', '0000-00-00', 'B'),
(691, 'Benjamen', 'Huffer', 'bhufferj6@cafepress.com', '923-656-2032', '0000-00-00', 'B'),
(692, 'Mattie', 'Ambrus', 'mambrusj7@angelfire.com', '386-605-2558', '0000-00-00', 'S'),
(693, 'Marleah', 'Biggadike', 'mbiggadikej8@barnesandnoble.com', '350-984-2150', '0000-00-00', 'B'),
(694, 'Daren', 'Gilbart', 'dgilbartj9@themeforest.net', '618-739-1134', '0000-00-00', 'G'),
(695, 'Kristina', 'Van Saltsberg', 'kvansaltsbergja@github.com', '874-399-8377', '0000-00-00', 'G'),
(696, 'Bert', 'Borth', 'bborthjb@yellowpages.com', '211-342-0030', '0000-00-00', 'G'),
(697, 'Berny', 'Pescott', 'bpescottjc@yolasite.com', '493-375-2831', '0000-00-00', 'G'),
(698, 'Coleman', 'Stiger', 'cstigerjd@epa.gov', '209-214-1166', '0000-00-00', 'B'),
(699, 'Mathew', 'Gianulli', 'mgianullije@freewebs.com', '940-854-1025', '0000-00-00', 'G'),
(700, 'Malvina', 'Cuddon', 'mcuddonjf@phpbb.com', '587-369-4277', '0000-00-00', 'B'),
(701, 'Arabelle', 'Nockells', 'anockellsjg@reuters.com', '917-678-9814', '0000-00-00', 'G'),
(702, 'Cristian', 'Pasterfield', 'cpasterfieldjh@baidu.com', '854-390-1641', '0000-00-00', 'B'),
(703, 'Carmencita', 'Normadell', 'cnormadellji@nih.gov', '443-943-0981', '0000-00-00', 'G'),
(704, 'Audry', 'Doni', 'adonijj@lycos.com', '162-300-3193', '0000-00-00', 'B'),
(705, 'Connor', 'Groveham', 'cgrovehamjk@nydailynews.com', '603-915-7566', '0000-00-00', 'S'),
(706, 'Juliana', 'Elintune', 'jelintunejl@msn.com', '474-328-8765', '0000-00-00', 'B'),
(707, 'Ingemar', 'Cherry', 'icherryjm@github.io', '492-735-3338', '0000-00-00', 'B'),
(708, 'Annelise', 'Rippon', 'aripponjn@mac.com', '133-916-2013', '0000-00-00', 'B'),
(709, 'Bertrando', 'Belsham', 'bbelshamjo@amazon.co.jp', '575-944-8189', '0000-00-00', 'S'),
(710, 'Tirrell', 'Iannelli', 'tiannellijp@oakley.com', '827-364-3086', '0000-00-00', 'G'),
(711, 'Raymund', 'Kondratowicz', 'rkondratowiczjq@paginegialle.it', '213-447-0119', '0000-00-00', 'G'),
(712, 'Fern', 'Kmieciak', 'fkmieciakjr@nifty.com', '452-903-3605', '0000-00-00', 'G'),
(713, 'Ester', 'Silberschatz', 'esilberschatzjs@wikispaces.com', '277-863-2443', '0000-00-00', 'G'),
(714, 'Penny', 'Yannoni', 'pyannonijt@ifeng.com', '766-172-7286', '0000-00-00', 'B'),
(715, 'Natala', 'Oman', 'nomanju@e-recht24.de', '250-284-5513', '0000-00-00', 'G'),
(716, 'Arri', 'Straniero', 'astranierojv@1688.com', '298-333-4995', '0000-00-00', 'B'),
(717, 'Lita', 'Wabersinke', 'lwabersinkejw@webeden.co.uk', '587-919-5832', '0000-00-00', 'G'),
(718, 'Westleigh', 'Ossulton', 'wossultonjx@instagram.com', '674-509-3660', '0000-00-00', 'S'),
(719, 'Joelynn', 'Slyde', 'jslydejy@biglobe.ne.jp', '774-103-0812', '0000-00-00', 'B'),
(720, 'Joy', 'Picopp', 'jpicoppjz@joomla.org', '264-153-8521', '0000-00-00', 'S'),
(721, 'Gilberte', 'Cham', 'gchamk0@fda.gov', '410-298-4004', '0000-00-00', 'S'),
(722, 'Ahmed', 'Lias', 'aliask1@wufoo.com', '757-146-8791', '0000-00-00', 'G'),
(723, 'Elsa', 'Honsch', 'ehonschk2@biglobe.ne.jp', '843-173-8822', '0000-00-00', 'B'),
(724, 'Eddy', 'Foister', 'efoisterk3@ezinearticles.com', '968-420-6095', '0000-00-00', 'B'),
(725, 'Minta', 'Poppy', 'mpoppyk4@narod.ru', '484-857-0452', '0000-00-00', 'S'),
(726, 'Laurie', 'Healey', 'lhealeyk5@bbb.org', '292-445-0358', '0000-00-00', 'G'),
(727, 'Donetta', 'Fairbanks', 'dfairbanksk6@com.com', '578-863-1567', '0000-00-00', 'G'),
(728, 'Josi', 'Bleasdale', 'jbleasdalek7@columbia.edu', '475-536-7813', '0000-00-00', 'B'),
(729, 'Evelyn', 'Carnson', 'ecarnsonk8@mozilla.org', '346-839-7948', '0000-00-00', 'B'),
(730, 'Fredric', 'Fielding', 'ffieldingk9@dot.gov', '588-321-4437', '0000-00-00', 'B'),
(731, 'Damiano', 'Greger', 'dgregerka@cnbc.com', '507-472-9718', '0000-00-00', 'B'),
(732, 'Ardelis', 'Alflatt', 'aalflattkb@e-recht24.de', '877-974-7492', '0000-00-00', 'B'),
(733, 'Sally', 'Kane', 'skanekc@shop-pro.jp', '488-827-4729', '0000-00-00', 'B'),
(734, 'Jeremie', 'Epple', 'jepplekd@redcross.org', '301-116-8650', '0000-00-00', 'S'),
(735, 'Avis', 'Battey', 'abatteyke@privacy.gov.au', '650-585-2039', '0000-00-00', 'B'),
(736, 'Deane', 'Feltham', 'dfelthamkf@answers.com', '196-371-9907', '0000-00-00', 'G'),
(737, 'Effie', 'Kilshaw', 'ekilshawkg@google.es', '200-346-9059', '0000-00-00', 'G'),
(738, 'Antonio', 'Lewins', 'alewinskh@hugedomains.com', '268-711-0263', '0000-00-00', 'B'),
(739, 'Trevar', 'Skip', 'tskipki@typepad.com', '122-361-6384', '0000-00-00', 'B'),
(740, 'Mabel', 'Kinnier', 'mkinnierkj@cisco.com', '280-984-9583', '0000-00-00', 'G'),
(741, 'Hewett', 'Castagnasso', 'hcastagnassokk@xing.com', '689-724-5805', '0000-00-00', 'S'),
(742, 'Hali', 'Alliberton', 'hallibertonkl@google.fr', '897-541-8721', '0000-00-00', 'B'),
(743, 'Hurlee', 'Wilber', 'hwilberkm@canalblog.com', '656-246-2835', '0000-00-00', 'B'),
(744, 'Malachi', 'Calbaithe', 'mcalbaithekn@wufoo.com', '970-268-9380', '0000-00-00', 'G'),
(745, 'Nerissa', 'Sabater', 'nsabaterko@wordpress.com', '847-485-2281', '0000-00-00', 'S'),
(746, 'Terra', 'Redolfi', 'tredolfikp@independent.co.uk', '773-967-5128', '0000-00-00', 'G'),
(747, 'Aldous', 'Hayer', 'ahayerkq@java.com', '693-860-8106', '0000-00-00', 'G'),
(748, 'Sarette', 'Whistlecroft', 'swhistlecroftkr@google.fr', '807-723-3098', '0000-00-00', 'S'),
(749, 'Northrop', 'Jiru', 'njiruks@hud.gov', '543-667-4407', '0000-00-00', 'G'),
(750, 'Curt', 'Cruikshank', 'ccruikshankkt@canalblog.com', '450-876-7333', '0000-00-00', 'B'),
(751, 'Charyl', 'Matelyunas', 'cmatelyunasku@yolasite.com', '743-916-5346', '0000-00-00', 'S'),
(752, 'Leta', 'Hansbury', 'lhansburykv@biblegateway.com', '850-165-7959', '0000-00-00', 'G'),
(753, 'Erin', 'Brick', 'ebrickkw@jimdo.com', '471-645-5465', '0000-00-00', 'B'),
(754, 'Cosette', 'Wixey', 'cwixeykx@shinystat.com', '394-689-5523', '0000-00-00', 'S'),
(755, 'Rudolf', 'Cracknell', 'rcracknellky@altervista.org', '400-984-3786', '0000-00-00', 'G'),
(756, 'Melvin', 'Beavington', 'mbeavingtonkz@reverbnation.com', '102-947-2771', '0000-00-00', 'S'),
(757, 'Sandro', 'Corpe', 'scorpel0@ftc.gov', '151-989-9393', '0000-00-00', 'G'),
(758, 'Courtney', 'Creevy', 'ccreevyl1@europa.eu', '802-780-4037', '0000-00-00', 'B'),
(759, 'Alex', 'Ewell', 'aewelll2@blogs.com', '489-416-0160', '0000-00-00', 'S'),
(760, 'Teddy', 'Alsina', 'talsinal3@wufoo.com', '169-972-9126', '0000-00-00', 'G'),
(761, 'Olivero', 'Stallard', 'ostallardl4@usa.gov', '666-529-6706', '0000-00-00', 'S'),
(762, 'Germaine', 'Riply', 'griplyl5@deliciousdays.com', '221-601-7806', '0000-00-00', 'S'),
(763, 'Marabel', 'Bapty', 'mbaptyl6@bloomberg.com', '193-131-3497', '0000-00-00', 'S'),
(764, 'Libby', 'Belford', 'lbelfordl7@shop-pro.jp', '744-226-6193', '0000-00-00', 'G'),
(765, 'Angeli', 'Bartosinski', 'abartosinskil8@gizmodo.com', '341-921-4193', '0000-00-00', 'B'),
(766, 'Dona', 'Tweedle', 'dtweedlel9@tripadvisor.com', '532-861-7494', '0000-00-00', 'B'),
(767, 'Matty', 'Glendenning', 'mglendenningla@amazon.co.jp', '642-179-9352', '0000-00-00', 'B'),
(768, 'Alix', 'Shortcliffe', 'ashortcliffelb@mlb.com', '515-574-1711', '0000-00-00', 'B'),
(769, 'Stewart', 'Manilow', 'smanilowlc@seesaa.net', '356-112-5099', '0000-00-00', 'S'),
(770, 'Arluene', 'Bothams', 'abothamsld@ibm.com', '471-777-6908', '0000-00-00', 'S'),
(771, 'Bunny', 'Foker', 'bfokerle@nps.gov', '798-848-4982', '0000-00-00', 'B'),
(772, 'Mattias', 'Jereatt', 'mjereattlf@jalbum.net', '347-557-9753', '0000-00-00', 'G'),
(773, 'Elnore', 'Palk', 'epalklg@altervista.org', '849-806-0153', '0000-00-00', 'B'),
(774, 'Rea', 'Redbourn', 'rredbournlh@hc360.com', '830-476-8091', '0000-00-00', 'G'),
(775, 'Barbie', 'Langsbury', 'blangsburyli@ezinearticles.com', '128-906-3376', '0000-00-00', 'G'),
(776, 'Sarette', 'Work', 'sworklj@seesaa.net', '923-483-5549', '0000-00-00', 'G'),
(777, 'Emmit', 'Giacomozzo', 'egiacomozzolk@bbc.co.uk', '740-304-6376', '0000-00-00', 'G'),
(778, 'Sebastiano', 'Muir', 'smuirll@wikipedia.org', '797-811-4462', '0000-00-00', 'S'),
(779, 'Pegeen', 'Hebbs', 'phebbslm@360.cn', '792-471-5114', '0000-00-00', 'S'),
(780, 'Xena', 'Rockcliff', 'xrockcliffln@ocn.ne.jp', '865-242-6854', '0000-00-00', 'S'),
(781, 'Pepe', 'Jaslem', 'pjaslemlo@home.pl', '392-391-7557', '0000-00-00', 'G'),
(782, 'Haley', 'Curnnok', 'hcurnnoklp@si.edu', '746-417-2085', '0000-00-00', 'G'),
(783, 'Thomasina', 'Lowrey', 'tlowreylq@macromedia.com', '652-117-9655', '0000-00-00', 'G'),
(784, 'Juieta', 'Pettus', 'jpettuslr@oaic.gov.au', '219-846-1082', '0000-00-00', 'G'),
(785, 'Son', 'McKinlay', 'smckinlayls@mail.ru', '803-627-0737', '0000-00-00', 'G'),
(786, 'Freida', 'Blackford', 'fblackfordlt@webs.com', '658-326-4878', '0000-00-00', 'S'),
(787, 'Ree', 'Christophersen', 'rchristophersenlu@friendfeed.com', '850-940-4988', '0000-00-00', 'B'),
(788, 'Mira', 'De Banke', 'mdebankelv@tiny.cc', '892-621-2797', '0000-00-00', 'S'),
(789, 'Gottfried', 'Jolland', 'gjollandlw@sphinn.com', '369-749-4816', '0000-00-00', 'G'),
(790, 'Andromache', 'Merritt', 'amerrittlx@stanford.edu', '800-456-1668', '0000-00-00', 'G'),
(791, 'Caspar', 'Ramme', 'crammely@blog.com', '145-272-6378', '0000-00-00', 'S'),
(792, 'Kenon', 'Blonfield', 'kblonfieldlz@yahoo.com', '426-530-2596', '0000-00-00', 'G'),
(793, 'Lana', 'Livingstone', 'llivingstonem0@com.com', '948-224-6004', '0000-00-00', 'S'),
(794, 'Carmine', 'Schoroder', 'cschoroderm1@auda.org.au', '513-873-6459', '0000-00-00', 'B'),
(795, 'Charlena', 'Fireman', 'cfiremanm2@latimes.com', '908-859-1825', '0000-00-00', 'B'),
(796, 'Sheffield', 'Spurrett', 'sspurrettm3@tiny.cc', '702-846-5410', '0000-00-00', 'S'),
(797, 'Harbert', 'Colliss', 'hcollissm4@webs.com', '364-895-7384', '0000-00-00', 'S'),
(798, 'Thorstein', 'Payfoot', 'tpayfootm5@dmoz.org', '816-715-7135', '0000-00-00', 'B'),
(799, 'Francine', 'Nardrup', 'fnardrupm6@mac.com', '336-517-0297', '0000-00-00', 'S'),
(800, 'Ardelia', 'Renahan', 'arenahanm7@economist.com', '547-522-6945', '0000-00-00', 'B'),
(801, 'Yolane', 'Dyte', 'ydytem8@aol.com', '849-626-0074', '0000-00-00', 'B'),
(802, 'Sheff', 'Watts', 'swattsm9@sphinn.com', '859-730-8740', '0000-00-00', 'S'),
(803, 'Pearce', 'Oloshkin', 'poloshkinma@etsy.com', '985-809-0409', '0000-00-00', 'S'),
(804, 'Shelba', 'Baudone', 'sbaudonemb@blogger.com', '356-114-3254', '0000-00-00', 'B'),
(805, 'Clea', 'Silvers', 'csilversmc@amazon.co.uk', '549-529-0806', '0000-00-00', 'G'),
(806, 'Glen', 'Mokes', 'gmokesmd@networkadvertising.org', '136-410-3316', '0000-00-00', 'S'),
(807, 'Della', 'Izakov', 'dizakovme@weebly.com', '969-582-3159', '0000-00-00', 'S'),
(808, 'Trudey', 'Sperling', 'tsperlingmf@yellowbook.com', '929-240-8994', '0000-00-00', 'B'),
(809, 'Corenda', 'Kausche', 'ckauschemg@mit.edu', '489-482-3453', '0000-00-00', 'G'),
(810, 'Agna', 'Geillier', 'ageilliermh@last.fm', '845-245-7876', '0000-00-00', 'B'),
(811, 'Pedro', 'Pietrzak', 'ppietrzakmi@dot.gov', '533-912-9881', '0000-00-00', 'S'),
(812, 'Rachelle', 'Haibel', 'rhaibelmj@ebay.com', '755-221-1224', '0000-00-00', 'B'),
(813, 'Dorisa', 'Dunstan', 'ddunstanmk@nba.com', '719-163-4585', '0000-00-00', 'B'),
(814, 'Shani', 'Hannaby', 'shannabyml@telegraph.co.uk', '121-745-8690', '0000-00-00', 'G'),
(815, 'Darell', 'Menezes', 'dmenezesmm@japanpost.jp', '452-882-2230', '0000-00-00', 'S'),
(816, 'Alysa', 'Baudoux', 'abaudouxmn@arstechnica.com', '608-460-2867', '0000-00-00', 'S'),
(817, 'Eliot', 'Nolin', 'enolinmo@squidoo.com', '358-818-6442', '0000-00-00', 'B'),
(818, 'Ana', 'Bandiera', 'abandieramp@wikia.com', '167-293-4947', '0000-00-00', 'G'),
(819, 'Dominique', 'Peasee', 'dpeaseemq@biblegateway.com', '251-953-0380', '0000-00-00', 'B'),
(820, 'Dennis', 'Cord', 'dcordmr@irs.gov', '747-990-7354', '0000-00-00', 'S'),
(821, 'Whitney', 'Hedgecock', 'whedgecockms@nifty.com', '473-555-2837', '0000-00-00', 'S'),
(822, 'Twyla', 'Gorry', 'tgorrymt@amazon.com', '782-211-0473', '0000-00-00', 'S'),
(823, 'Dawna', 'Scotchmur', 'dscotchmurmu@ca.gov', '593-848-1905', '0000-00-00', 'G'),
(824, 'Nataline', 'Klimp', 'nklimpmv@cornell.edu', '375-622-2293', '0000-00-00', 'B'),
(825, 'Selle', 'Ertelt', 'serteltmw@cnet.com', '560-169-8166', '0000-00-00', 'S'),
(826, 'Agneta', 'McCaster', 'amccastermx@yolasite.com', '271-555-9317', '0000-00-00', 'G'),
(827, 'Sonny', 'Andrichak', 'sandrichakmy@census.gov', '245-241-4029', '0000-00-00', 'G'),
(828, 'Paten', 'Ibanez', 'pibanezmz@hatena.ne.jp', '686-180-4290', '0000-00-00', 'B'),
(829, 'Terrie', 'Sharp', 'tsharpn0@homestead.com', '737-150-8867', '0000-00-00', 'G'),
(830, 'Shea', 'Gardener', 'sgardenern1@ehow.com', '430-247-6478', '0000-00-00', 'G'),
(831, 'Hallie', 'Helkin', 'hhelkinn2@sciencedirect.com', '485-374-7712', '0000-00-00', 'S'),
(832, 'Irvin', 'Abrami', 'iabramin3@webnode.com', '547-781-1309', '0000-00-00', 'S'),
(833, 'Hyacinthie', 'Fairweather', 'hfairweathern4@nsw.gov.au', '198-637-5224', '0000-00-00', 'S'),
(834, 'Tildi', 'Jermy', 'tjermyn5@360.cn', '674-252-1059', '0000-00-00', 'B'),
(835, 'Eberhard', 'Rabbet', 'erabbetn6@state.tx.us', '491-911-5661', '0000-00-00', 'S'),
(836, 'Lonna', 'Goodson', 'lgoodsonn7@walmart.com', '971-867-3792', '0000-00-00', 'G'),
(837, 'Agosto', 'Lowthian', 'alowthiann8@arstechnica.com', '758-162-6430', '0000-00-00', 'S'),
(838, 'Goraud', 'Baythrop', 'gbaythropn9@telegraph.co.uk', '659-832-6395', '0000-00-00', 'S'),
(839, 'Husein', 'Vennard', 'hvennardna@sciencedaily.com', '701-937-2043', '0000-00-00', 'B'),
(840, 'Edvard', 'Girkins', 'egirkinsnb@archive.org', '147-132-4827', '0000-00-00', 'G'),
(841, 'Benoite', 'Arderne', 'bardernenc@cornell.edu', '931-349-9666', '0000-00-00', 'G'),
(842, 'Maye', 'Fearnyhough', 'mfearnyhoughnd@360.cn', '546-721-9488', '0000-00-00', 'B'),
(843, 'Pavel', 'Olfert', 'polfertne@theguardian.com', '419-773-1113', '0000-00-00', 'G'),
(844, 'Napoleon', 'Gaffer', 'ngaffernf@squarespace.com', '109-299-7467', '0000-00-00', 'G'),
(845, 'Vivien', 'Melpuss', 'vmelpussng@ask.com', '176-533-5854', '0000-00-00', 'B'),
(846, 'Mella', 'Scourgie', 'mscourgienh@mapquest.com', '218-130-4394', '0000-00-00', 'S'),
(847, 'Joby', 'McJury', 'jmcjuryni@walmart.com', '562-702-9044', '0000-00-00', 'B'),
(848, 'Willyt', 'Balazin', 'wbalazinnj@blogtalkradio.com', '543-608-9895', '0000-00-00', 'B'),
(849, 'Flori', 'Vossgen', 'fvossgennk@networkadvertising.org', '704-364-2850', '0000-00-00', 'B'),
(850, 'Saraann', 'Bickersteth', 'sbickerstethnl@ustream.tv', '638-152-8912', '0000-00-00', 'S'),
(851, 'Alisha', 'Rickardes', 'arickardesnm@cocolog-nifty.com', '677-719-0097', '0000-00-00', 'G'),
(852, 'Rubin', 'Cuolahan', 'rcuolahannn@smugmug.com', '545-765-4901', '0000-00-00', 'S'),
(853, 'Iseabal', 'McTurlough', 'imcturloughno@zdnet.com', '703-100-5727', '0000-00-00', 'G'),
(854, 'Agace', 'Asals', 'aasalsnp@ovh.net', '118-797-3585', '0000-00-00', 'S'),
(855, 'Henri', 'Pochon', 'hpochonnq@ustream.tv', '291-858-2701', '0000-00-00', 'S'),
(856, 'Bridgette', 'Poundsford', 'bpoundsfordnr@issuu.com', '564-195-8440', '0000-00-00', 'G'),
(857, 'Ezekiel', 'Sedger', 'esedgerns@dyndns.org', '163-942-1844', '0000-00-00', 'G'),
(858, 'Fabien', 'Silverstone', 'fsilverstonent@tripadvisor.com', '572-849-0947', '0000-00-00', 'G'),
(859, 'Inge', 'McKevany', 'imckevanynu@mapquest.com', '773-608-7078', '0000-00-00', 'S'),
(860, 'Rowena', 'Tomisch', 'rtomischnv@ftc.gov', '167-208-6344', '0000-00-00', 'S'),
(861, 'Mirella', 'Driscoll', 'mdriscollnw@friendfeed.com', '225-503-0615', '0000-00-00', 'S'),
(862, 'Stinky', 'Adlington', 'sadlingtonnx@xrea.com', '984-880-1876', '0000-00-00', 'B'),
(863, 'Christophe', 'Genner', 'cgennerny@si.edu', '202-855-5995', '0000-00-00', 'S'),
(864, 'Camilla', 'Kisar', 'ckisarnz@freewebs.com', '918-364-4337', '0000-00-00', 'B'),
(865, 'Randene', 'Yukhnevich', 'ryukhnevicho0@moonfruit.com', '542-176-9262', '0000-00-00', 'S'),
(866, 'Krispin', 'Sketh', 'ksketho1@wired.com', '936-205-4100', '0000-00-00', 'S'),
(867, 'Annabel', 'Ranyard', 'aranyardo2@utexas.edu', '248-502-6299', '0000-00-00', 'S'),
(868, 'Erl', 'Sabathe', 'esabatheo3@jugem.jp', '901-812-3825', '0000-00-00', 'B'),
(869, 'Rickard', 'McIlherran', 'rmcilherrano4@delicious.com', '387-841-7477', '0000-00-00', 'B'),
(870, 'Rosette', 'Tingle', 'rtingleo5@ustream.tv', '135-936-6614', '0000-00-00', 'S'),
(871, 'Ebonee', 'Windrum', 'ewindrumo6@alexa.com', '311-886-4931', '0000-00-00', 'B'),
(872, 'Griz', 'Galilee', 'ggalileeo7@gmpg.org', '537-457-9669', '0000-00-00', 'S'),
(873, 'Antons', 'Robertot', 'arobertoto8@live.com', '231-778-1111', '0000-00-00', 'S'),
(874, 'Laurie', 'Kenefick', 'lkeneficko9@wordpress.com', '122-535-3430', '0000-00-00', 'G'),
(875, 'Elyssa', 'Houlison', 'ehoulisonoa@barnesandnoble.com', '580-106-3727', '0000-00-00', 'G'),
(876, 'Elmore', 'Townson', 'etownsonob@bravesites.com', '148-173-5124', '0000-00-00', 'G'),
(877, 'Adi', 'Sugars', 'asugarsoc@loc.gov', '915-576-6823', '0000-00-00', 'S'),
(878, 'Worden', 'Spellacy', 'wspellacyod@go.com', '956-524-3992', '0000-00-00', 'S'),
(879, 'Noach', 'Chesnay', 'nchesnayoe@domainmarket.com', '674-231-0614', '0000-00-00', 'S'),
(880, 'Mahalia', 'Kyston', 'mkystonof@sbwire.com', '880-432-3791', '0000-00-00', 'G'),
(881, 'Lemmy', 'Cazalet', 'lcazaletog@whitehouse.gov', '122-394-5909', '0000-00-00', 'S'),
(882, 'Loralie', 'Gwynne', 'lgwynneoh@prlog.org', '965-869-8322', '0000-00-00', 'G'),
(883, 'Antonella', 'Covendon', 'acovendonoi@cocolog-nifty.com', '724-165-0231', '0000-00-00', 'B'),
(884, 'Erena', 'Dodshun', 'edodshunoj@1688.com', '958-650-5651', '0000-00-00', 'S'),
(885, 'Ebenezer', 'Luckings', 'eluckingsok@businesswire.com', '543-319-5662', '0000-00-00', 'B'),
(886, 'Moise', 'Paoletti', 'mpaolettiol@howstuffworks.com', '356-666-2610', '0000-00-00', 'B'),
(887, 'Windy', 'Garton', 'wgartonom@devhub.com', '645-335-3775', '0000-00-00', 'S'),
(888, 'Lorie', 'Beakes', 'lbeakeson@latimes.com', '194-244-8600', '0000-00-00', 'S'),
(889, 'Britteny', 'Tenniswood', 'btenniswoodoo@github.io', '705-890-9202', '0000-00-00', 'G'),
(890, 'Hinze', 'Goscar', 'hgoscarop@unblog.fr', '476-761-2297', '0000-00-00', 'G'),
(891, 'Raye', 'Bangham', 'rbanghamoq@uiuc.edu', '316-962-6000', '0000-00-00', 'G'),
(892, 'Webster', 'Giddings', 'wgiddingsor@geocities.com', '233-574-6482', '0000-00-00', 'S'),
(893, 'Gaultiero', 'Ronnay', 'gronnayos@infoseek.co.jp', '625-271-7064', '0000-00-00', 'B'),
(894, 'Maure', 'Toor', 'mtoorot@indiatimes.com', '145-929-6453', '0000-00-00', 'B'),
(895, 'Celka', 'Wicks', 'cwicksou@google.nl', '166-539-9019', '0000-00-00', 'G'),
(896, 'Carole', 'Tupp', 'ctuppov@cnbc.com', '940-732-6422', '0000-00-00', 'B'),
(897, 'Gerda', 'Delafoy', 'gdelafoyow@baidu.com', '802-786-3066', '0000-00-00', 'G'),
(898, 'Lukas', 'Pioch', 'lpiochox@dyndns.org', '229-807-9254', '0000-00-00', 'S'),
(899, 'Griffith', 'Todari', 'gtodarioy@networkadvertising.org', '793-363-1500', '0000-00-00', 'G'),
(900, 'Amos', 'Duplock', 'aduplockoz@wunderground.com', '367-771-0771', '0000-00-00', 'G'),
(901, 'Iorgos', 'Cardow', 'icardowp0@usgs.gov', '930-904-4636', '0000-00-00', 'S'),
(902, 'Katine', 'Bampkin', 'kbampkinp1@blog.com', '377-532-2312', '0000-00-00', 'G'),
(903, 'Abba', 'Peirone', 'apeironep2@whitehouse.gov', '163-943-7525', '0000-00-00', 'B'),
(904, 'Fred', 'Willgress', 'fwillgressp3@ocn.ne.jp', '620-102-5317', '0000-00-00', 'B'),
(905, 'Yasmin', 'Kingdon', 'ykingdonp4@about.me', '484-532-4573', '0000-00-00', 'S'),
(906, 'Hedy', 'Waine', 'hwainep5@a8.net', '321-218-0463', '0000-00-00', 'B'),
(907, 'Pincas', 'Rosendorf', 'prosendorfp6@shop-pro.jp', '740-151-0374', '0000-00-00', 'S'),
(908, 'Gabriellia', 'Bleasdille', 'gbleasdillep7@gravatar.com', '986-340-2530', '0000-00-00', 'B'),
(909, 'Mariska', 'Cuxon', 'mcuxonp8@facebook.com', '916-709-9651', '0000-00-00', 'B'),
(910, 'Gale', 'Gladstone', 'ggladstonep9@photobucket.com', '554-597-8830', '0000-00-00', 'B'),
(911, 'Nicoli', 'Chell', 'nchellpa@seattletimes.com', '527-339-0173', '0000-00-00', 'S'),
(912, 'Cory', 'Lode', 'clodepb@jimdo.com', '593-650-1803', '0000-00-00', 'S'),
(913, 'Wolfy', 'Rispen', 'wrispenpc@theglobeandmail.com', '449-806-6590', '0000-00-00', 'S'),
(914, 'Luigi', 'Emm', 'lemmpd@ucoz.com', '884-186-4398', '0000-00-00', 'B'),
(915, 'Kain', 'Rakes', 'krakespe@newsvine.com', '938-989-1402', '0000-00-00', 'B'),
(916, 'Linea', 'Castanares', 'lcastanarespf@usda.gov', '906-826-4218', '0000-00-00', 'B'),
(917, 'Consolata', 'Carlisso', 'ccarlissopg@google.cn', '683-999-3886', '0000-00-00', 'B'),
(918, 'Ardyce', 'Kos', 'akosph@com.com', '862-669-1482', '0000-00-00', 'S'),
(919, 'Elyse', 'Bielby', 'ebielbypi@smh.com.au', '504-655-0943', '0000-00-00', 'G'),
(920, 'Quinn', 'Fitzjohn', 'qfitzjohnpj@yahoo.co.jp', '449-829-6379', '0000-00-00', 'S'),
(921, 'Annice', 'Swadlinge', 'aswadlingepk@upenn.edu', '441-242-5883', '0000-00-00', 'G'),
(922, 'Brockie', 'Gordon', 'bgordonpl@themeforest.net', '825-750-9330', '0000-00-00', 'S'),
(923, 'Stephannie', 'Treker', 'strekerpm@edublogs.org', '718-984-0789', '0000-00-00', 'S'),
(924, 'Laurella', 'Goublier', 'lgoublierpn@columbia.edu', '830-783-7271', '0000-00-00', 'B'),
(925, 'Mahmud', 'Surmeir', 'msurmeirpo@myspace.com', '680-456-6616', '0000-00-00', 'S'),
(926, 'Beatrice', 'Dorot', 'bdorotpp@t-online.de', '274-525-4788', '0000-00-00', 'S'),
(927, 'Hermy', 'Hallahan', 'hhallahanpq@ucsd.edu', '136-120-2272', '0000-00-00', 'S'),
(928, 'Lonnie', 'Nield', 'lnieldpr@163.com', '739-323-0531', '0000-00-00', 'B'),
(929, 'Verena', 'Pentelo', 'vpentelops@businessinsider.com', '690-609-0417', '0000-00-00', 'B'),
(930, 'Ogden', 'Antonijevic', 'oantonijevicpt@slashdot.org', '324-426-5024', '0000-00-00', 'G'),
(931, 'Pasquale', 'Torbet', 'ptorbetpu@spiegel.de', '371-624-8599', '0000-00-00', 'S'),
(932, 'Ray', 'Abramski', 'rabramskipv@last.fm', '250-626-1586', '0000-00-00', 'G'),
(933, 'Ira', 'Legg', 'ileggpw@sphinn.com', '594-754-8641', '0000-00-00', 'S'),
(934, 'Dale', 'Bomfield', 'dbomfieldpx@nsw.gov.au', '500-198-6199', '0000-00-00', 'B'),
(935, 'Penn', 'Matus', 'pmatuspy@trellian.com', '632-838-6935', '0000-00-00', 'G'),
(936, 'Hendrik', 'Gerrie', 'hgerriepz@cornell.edu', '104-146-2881', '0000-00-00', 'G'),
(937, 'Fey', 'Spivie', 'fspivieq0@huffingtonpost.com', '513-252-1664', '0000-00-00', 'B'),
(938, 'Rourke', 'Hebden', 'rhebdenq1@foxnews.com', '821-764-0408', '0000-00-00', 'G'),
(939, 'Meier', 'Andell', 'mandellq2@google.ca', '392-845-2823', '0000-00-00', 'S'),
(940, 'Johnath', 'Wikey', 'jwikeyq3@about.com', '346-517-9966', '0000-00-00', 'B'),
(941, 'Friedrick', 'Ferrino', 'fferrinoq4@canalblog.com', '606-495-7829', '0000-00-00', 'B'),
(942, 'Hendrick', 'Camillo', 'hcamilloq5@godaddy.com', '915-491-6174', '0000-00-00', 'B'),
(943, 'Delainey', 'Miall', 'dmiallq6@skyrock.com', '860-658-0517', '0000-00-00', 'S'),
(944, 'Dael', 'Daffey', 'ddaffeyq7@wikipedia.org', '783-228-1191', '0000-00-00', 'S'),
(945, 'Lelia', 'Van De Cappelle', 'lvandecappelleq8@icio.us', '859-165-3006', '0000-00-00', 'G'),
(946, 'Zsa zsa', 'Rheaume', 'zrheaumeq9@tripod.com', '102-646-1001', '0000-00-00', 'S'),
(947, 'Val', 'Hebbard', 'vhebbardqa@mediafire.com', '824-234-3228', '0000-00-00', 'S'),
(948, 'Ferris', 'Findlow', 'ffindlowqb@alibaba.com', '473-297-1740', '0000-00-00', 'G'),
(949, 'Jody', 'Mordanti', 'jmordantiqc@yellowbook.com', '935-231-8890', '0000-00-00', 'S'),
(950, 'Candide', 'MacGillavery', 'cmacgillaveryqd@msu.edu', '711-743-0959', '0000-00-00', 'S'),
(951, 'Diego', 'Renshall', 'drenshallqe@walmart.com', '718-738-1366', '0000-00-00', 'B'),
(952, 'Karlie', 'Ferrario', 'kferrarioqf@com.com', '194-840-3697', '0000-00-00', 'B'),
(953, 'Freddie', 'Mc Dermid', 'fmcdermidqg@cnet.com', '152-881-9599', '0000-00-00', 'B'),
(954, 'Jake', 'Wyllis', 'jwyllisqh@miibeian.gov.cn', '216-879-1392', '0000-00-00', 'B'),
(955, 'Evie', 'Wardhaugh', 'ewardhaughqi@mediafire.com', '711-583-8923', '0000-00-00', 'S'),
(956, 'Ches', 'Abbis', 'cabbisqj@forbes.com', '918-201-5920', '0000-00-00', 'S'),
(957, 'Dorie', 'Rothman', 'drothmanqk@devhub.com', '258-130-5065', '0000-00-00', 'B'),
(958, 'Ashli', 'Olexa', 'aolexaql@yelp.com', '326-896-1357', '0000-00-00', 'B'),
(959, 'Marchelle', 'Fumagall', 'mfumagallqm@accuweather.com', '575-831-8930', '0000-00-00', 'G'),
(960, 'Somerset', 'Idell', 'sidellqn@huffingtonpost.com', '436-187-8877', '0000-00-00', 'B'),
(961, 'Barbie', 'Kemston', 'bkemstonqo@feedburner.com', '319-756-1878', '0000-00-00', 'S'),
(962, 'Wynn', 'O\'Hoolahan', 'wohoolahanqp@skype.com', '319-141-8084', '0000-00-00', 'G'),
(963, 'Lianne', 'Petters', 'lpettersqq@sfgate.com', '315-889-5816', '0000-00-00', 'S'),
(964, 'Keelia', 'Duesberry', 'kduesberryqr@sciencedirect.com', '872-242-6728', '0000-00-00', 'B'),
(965, 'Aarika', 'Tewelson', 'atewelsonqs@nsw.gov.au', '661-777-5262', '0000-00-00', 'B'),
(966, 'Odell', 'Newlands', 'onewlandsqt@merriam-webster.com', '848-808-6796', '0000-00-00', 'B'),
(967, 'Nettle', 'Schuricke', 'nschurickequ@livejournal.com', '784-212-8651', '0000-00-00', 'B'),
(968, 'Cindee', 'Cuttles', 'ccuttlesqv@twitpic.com', '655-878-1095', '0000-00-00', 'B'),
(969, 'Sydel', 'Celes', 'scelesqw@washingtonpost.com', '670-781-4141', '0000-00-00', 'S'),
(970, 'Gilberto', 'Dulinty', 'gdulintyqx@comcast.net', '303-197-4545', '0000-00-00', 'B'),
(971, 'Damara', 'Salvage', 'dsalvageqy@blogspot.com', '327-712-5583', '0000-00-00', 'G'),
(972, 'Armstrong', 'Waulker', 'awaulkerqz@ucla.edu', '691-971-0484', '0000-00-00', 'S'),
(973, 'Nicolette', 'Born', 'nbornr0@devhub.com', '722-481-9397', '0000-00-00', 'S'),
(974, 'Palm', 'McQuarrie', 'pmcquarrier1@ucla.edu', '268-135-3168', '0000-00-00', 'G'),
(975, 'Alyssa', 'Cranch', 'acranchr2@moonfruit.com', '879-133-5260', '0000-00-00', 'B'),
(976, 'Derrek', 'Duham', 'dduhamr3@nifty.com', '951-681-8611', '0000-00-00', 'B'),
(977, 'Carlee', 'Marunchak', 'cmarunchakr4@jimdo.com', '413-612-4428', '0000-00-00', 'B'),
(978, 'Edgard', 'Serot', 'eserotr5@dion.ne.jp', '786-747-4542', '0000-00-00', 'G'),
(979, 'Casi', 'Alyukin', 'calyukinr6@drupal.org', '211-965-2206', '0000-00-00', 'B'),
(980, 'Kristal', 'Ivankov', 'kivankovr7@storify.com', '402-971-5754', '0000-00-00', 'B'),
(981, 'Edwina', 'Lowmass', 'elowmassr8@fema.gov', '304-905-8589', '0000-00-00', 'G'),
(982, 'Penrod', 'Cockshot', 'pcockshotr9@noaa.gov', '217-707-7168', '0000-00-00', 'S'),
(983, 'Candace', 'Shee', 'csheera@unicef.org', '869-163-4277', '0000-00-00', 'G'),
(984, 'Goran', 'Ritter', 'gritterrb@cam.ac.uk', '778-558-1925', '0000-00-00', 'B'),
(985, 'Lulu', 'Dewdney', 'ldewdneyrc@naver.com', '576-556-5376', '0000-00-00', 'S'),
(986, 'Cory', 'Fancett', 'cfancettrd@canalblog.com', '778-525-6097', '0000-00-00', 'B'),
(987, 'Barbaraanne', 'McCrae', 'bmccraere@samsung.com', '213-485-8468', '0000-00-00', 'S'),
(988, 'Tracey', 'Mattack', 'tmattackrf@newsvine.com', '297-894-8782', '0000-00-00', 'S'),
(989, 'Lulu', 'Woodroofe', 'lwoodrooferg@home.pl', '706-916-6954', '0000-00-00', 'S'),
(990, 'Joanie', 'Sneaker', 'jsneakerrh@xing.com', '900-665-3329', '0000-00-00', 'B'),
(991, 'Jacquelyn', 'Whittock', 'jwhittockri@hp.com', '657-938-6290', '0000-00-00', 'B'),
(992, 'Darren', 'Flitcroft', 'dflitcroftrj@paginegialle.it', '877-444-9393', '0000-00-00', 'B'),
(993, 'Kameko', 'Coveney', 'kcoveneyrk@parallels.com', '838-719-0469', '0000-00-00', 'B'),
(994, 'Marissa', 'Becraft', 'mbecraftrl@alexa.com', '962-735-5429', '0000-00-00', 'B'),
(995, 'Hilda', 'Sollars', 'hsollarsrm@blog.com', '834-680-2100', '0000-00-00', 'S'),
(996, 'Obadiah', 'Grzegorzewski', 'ogrzegorzewskirn@eepurl.com', '485-358-6625', '0000-00-00', 'B'),
(997, 'Shalne', 'Mamwell', 'smamwellro@ed.gov', '849-191-2459', '0000-00-00', 'S'),
(998, 'Axe', 'Gonzales', 'agonzalesrp@imdb.com', '488-214-4834', '0000-00-00', 'S'),
(999, 'Sim', 'Dearlove', 'sdearloverq@barnesandnoble.com', '478-887-2807', '0000-00-00', 'G'),
(1000, 'Essa', 'Andover', 'eandoverrr@dion.ne.jp', '531-817-3898', '0000-00-00', 'B');

-- --------------------------------------------------------

--
-- Table structure for table `store_order`
--

CREATE TABLE `store_order` (
  `id` bigint(20) NOT NULL,
  `placed_at` datetime(6) NOT NULL,
  `payment_status` varchar(1) NOT NULL,
  `customer_id` bigint(20) NOT NULL
) ENGINE=InnoDB DEFAULT CHARSET=utf8mb4 COLLATE=utf8mb4_general_ci;

-- --------------------------------------------------------

--
-- Table structure for table `store_orderitem`
--

CREATE TABLE `store_orderitem` (
  `id` bigint(20) NOT NULL,
  `quantity` smallint(5) UNSIGNED NOT NULL CHECK (`quantity` >= 0),
  `unit_price` decimal(6,2) NOT NULL,
  `order_id` bigint(20) NOT NULL,
  `product_id` varchar(10) NOT NULL
) ENGINE=InnoDB DEFAULT CHARSET=utf8mb4 COLLATE=utf8mb4_general_ci;

-- --------------------------------------------------------

--
-- Table structure for table `store_product`
--

CREATE TABLE `store_product` (
  `sku` varchar(10) NOT NULL,
  `title` varchar(255) NOT NULL,
  `description` longtext NOT NULL,
  `unit_price` decimal(6,2) NOT NULL,
  `inventory` int(11) NOT NULL,
  `last_update` datetime(6) NOT NULL,
  `collection_id` bigint(20) NOT NULL,
  `slug` varchar(50) NOT NULL
) ENGINE=InnoDB DEFAULT CHARSET=utf8mb4 COLLATE=utf8mb4_general_ci;

-- --------------------------------------------------------

--
-- Table structure for table `store_product_promotions`
--

CREATE TABLE `store_product_promotions` (
  `id` bigint(20) NOT NULL,
  `product_id` varchar(10) NOT NULL,
  `promotion_id` bigint(20) NOT NULL
) ENGINE=InnoDB DEFAULT CHARSET=utf8mb4 COLLATE=utf8mb4_general_ci;

-- --------------------------------------------------------

--
-- Table structure for table `store_promotion`
--

CREATE TABLE `store_promotion` (
  `id` bigint(20) NOT NULL,
  `description` varchar(255) NOT NULL,
  `discount` double NOT NULL
) ENGINE=InnoDB DEFAULT CHARSET=utf8mb4 COLLATE=utf8mb4_general_ci;

-- --------------------------------------------------------

--
-- Table structure for table `tags_tag`
--

CREATE TABLE `tags_tag` (
  `id` bigint(20) NOT NULL,
  `label` varchar(255) NOT NULL
) ENGINE=InnoDB DEFAULT CHARSET=utf8mb4 COLLATE=utf8mb4_general_ci;

-- --------------------------------------------------------

--
-- Table structure for table `tags_taggeditem`
--

CREATE TABLE `tags_taggeditem` (
  `id` bigint(20) NOT NULL,
  `object_id` int(10) UNSIGNED NOT NULL CHECK (`object_id` >= 0),
  `content_type_id` int(11) NOT NULL,
  `tag_id` bigint(20) NOT NULL
) ENGINE=InnoDB DEFAULT CHARSET=utf8mb4 COLLATE=utf8mb4_general_ci;

--
-- Indexes for dumped tables
--

--
-- Indexes for table `auth_group`
--
ALTER TABLE `auth_group`
  ADD PRIMARY KEY (`id`),
  ADD UNIQUE KEY `name` (`name`);

--
-- Indexes for table `auth_group_permissions`
--
ALTER TABLE `auth_group_permissions`
  ADD PRIMARY KEY (`id`),
  ADD UNIQUE KEY `auth_group_permissions_group_id_permission_id_0cd325b0_uniq` (`group_id`,`permission_id`),
  ADD KEY `auth_group_permissio_permission_id_84c5c92e_fk_auth_perm` (`permission_id`);

--
-- Indexes for table `auth_permission`
--
ALTER TABLE `auth_permission`
  ADD PRIMARY KEY (`id`),
  ADD UNIQUE KEY `auth_permission_content_type_id_codename_01ab375a_uniq` (`content_type_id`,`codename`);

--
-- Indexes for table `auth_user`
--
ALTER TABLE `auth_user`
  ADD PRIMARY KEY (`id`),
  ADD UNIQUE KEY `username` (`username`);

--
-- Indexes for table `auth_user_groups`
--
ALTER TABLE `auth_user_groups`
  ADD PRIMARY KEY (`id`),
  ADD UNIQUE KEY `auth_user_groups_user_id_group_id_94350c0c_uniq` (`user_id`,`group_id`),
  ADD KEY `auth_user_groups_group_id_97559544_fk_auth_group_id` (`group_id`);

--
-- Indexes for table `auth_user_user_permissions`
--
ALTER TABLE `auth_user_user_permissions`
  ADD PRIMARY KEY (`id`),
  ADD UNIQUE KEY `auth_user_user_permissions_user_id_permission_id_14a6b632_uniq` (`user_id`,`permission_id`),
  ADD KEY `auth_user_user_permi_permission_id_1fbb5f2c_fk_auth_perm` (`permission_id`);

--
-- Indexes for table `django_admin_log`
--
ALTER TABLE `django_admin_log`
  ADD PRIMARY KEY (`id`),
  ADD KEY `django_admin_log_content_type_id_c4bce8eb_fk_django_co` (`content_type_id`),
  ADD KEY `django_admin_log_user_id_c564eba6_fk_auth_user_id` (`user_id`);

--
-- Indexes for table `django_content_type`
--
ALTER TABLE `django_content_type`
  ADD PRIMARY KEY (`id`),
  ADD UNIQUE KEY `django_content_type_app_label_model_76bd3d3b_uniq` (`app_label`,`model`);

--
-- Indexes for table `django_migrations`
--
ALTER TABLE `django_migrations`
  ADD PRIMARY KEY (`id`);

--
-- Indexes for table `django_session`
--
ALTER TABLE `django_session`
  ADD PRIMARY KEY (`session_key`),
  ADD KEY `django_session_expire_date_a5c62663` (`expire_date`);

--
-- Indexes for table `likes_likeditem`
--
ALTER TABLE `likes_likeditem`
  ADD PRIMARY KEY (`id`),
  ADD KEY `likes_likeditem_content_type_id_7ab8ca5f_fk_django_co` (`content_type_id`),
  ADD KEY `likes_likeditem_user_id_0c3dca35_fk_auth_user_id` (`user_id`);

--
-- Indexes for table `store_address`
--
ALTER TABLE `store_address`
  ADD PRIMARY KEY (`id`),
  ADD KEY `store_address_customer_id_080cf871_fk_store_customer_id` (`customer_id`);

--
-- Indexes for table `store_cart`
--
ALTER TABLE `store_cart`
  ADD PRIMARY KEY (`id`);

--
-- Indexes for table `store_cartitem`
--
ALTER TABLE `store_cartitem`
  ADD PRIMARY KEY (`id`),
  ADD KEY `store_cartitem_cart_id_4f60ac05_fk_store_cart_id` (`cart_id`),
  ADD KEY `store_cartitem_product_id_4238d443_fk_store_product_sku` (`product_id`);

--
-- Indexes for table `store_collection`
--
ALTER TABLE `store_collection`
  ADD PRIMARY KEY (`id`),
  ADD KEY `store_collection_featured_product_id_001d6455_fk_store_pro` (`featured_product_id`);

--
-- Indexes for table `store_customer`
--
ALTER TABLE `store_customer`
  ADD PRIMARY KEY (`id`),
  ADD UNIQUE KEY `email` (`email`);

--
-- Indexes for table `store_order`
--
ALTER TABLE `store_order`
  ADD PRIMARY KEY (`id`),
  ADD KEY `store_order_customer_id_13d6d43e_fk_store_customer_id` (`customer_id`);

--
-- Indexes for table `store_orderitem`
--
ALTER TABLE `store_orderitem`
  ADD PRIMARY KEY (`id`),
  ADD KEY `store_orderitem_order_id_acf8722d_fk_store_order_id` (`order_id`),
  ADD KEY `store_orderitem_product_id_f2b098d4_fk_store_product_sku` (`product_id`);

--
-- Indexes for table `store_product`
--
ALTER TABLE `store_product`
  ADD PRIMARY KEY (`sku`),
  ADD KEY `store_product_collection_id_2914d2ba_fk_store_collection_id` (`collection_id`),
  ADD KEY `store_product_slug_6de8ee4b` (`slug`);

--
-- Indexes for table `store_product_promotions`
--
ALTER TABLE `store_product_promotions`
  ADD PRIMARY KEY (`id`),
  ADD UNIQUE KEY `store_product_promotions_product_id_promotion_id_d02f5543_uniq` (`product_id`,`promotion_id`),
  ADD KEY `store_product_promot_promotion_id_4bd05cf2_fk_store_pro` (`promotion_id`);

--
-- Indexes for table `store_promotion`
--
ALTER TABLE `store_promotion`
  ADD PRIMARY KEY (`id`);

--
-- Indexes for table `tags_tag`
--
ALTER TABLE `tags_tag`
  ADD PRIMARY KEY (`id`);

--
-- Indexes for table `tags_taggeditem`
--
ALTER TABLE `tags_taggeditem`
  ADD PRIMARY KEY (`id`),
  ADD KEY `tags_taggeditem_content_type_id_03c84c71_fk_django_co` (`content_type_id`),
  ADD KEY `tags_taggeditem_tag_id_31864f91_fk_tags_tag_id` (`tag_id`);

--
-- AUTO_INCREMENT for dumped tables
--

--
-- AUTO_INCREMENT for table `auth_group`
--
ALTER TABLE `auth_group`
  MODIFY `id` int(11) NOT NULL AUTO_INCREMENT;

--
-- AUTO_INCREMENT for table `auth_group_permissions`
--
ALTER TABLE `auth_group_permissions`
  MODIFY `id` bigint(20) NOT NULL AUTO_INCREMENT;

--
-- AUTO_INCREMENT for table `auth_permission`
--
ALTER TABLE `auth_permission`
  MODIFY `id` int(11) NOT NULL AUTO_INCREMENT, AUTO_INCREMENT=73;

--
-- AUTO_INCREMENT for table `auth_user`
--
ALTER TABLE `auth_user`
  MODIFY `id` int(11) NOT NULL AUTO_INCREMENT, AUTO_INCREMENT=2;

--
-- AUTO_INCREMENT for table `auth_user_groups`
--
ALTER TABLE `auth_user_groups`
  MODIFY `id` bigint(20) NOT NULL AUTO_INCREMENT;

--
-- AUTO_INCREMENT for table `auth_user_user_permissions`
--
ALTER TABLE `auth_user_user_permissions`
  MODIFY `id` bigint(20) NOT NULL AUTO_INCREMENT;

--
-- AUTO_INCREMENT for table `django_admin_log`
--
ALTER TABLE `django_admin_log`
  MODIFY `id` int(11) NOT NULL AUTO_INCREMENT;

--
-- AUTO_INCREMENT for table `django_content_type`
--
ALTER TABLE `django_content_type`
  MODIFY `id` int(11) NOT NULL AUTO_INCREMENT, AUTO_INCREMENT=19;

--
-- AUTO_INCREMENT for table `django_migrations`
--
ALTER TABLE `django_migrations`
  MODIFY `id` bigint(20) NOT NULL AUTO_INCREMENT, AUTO_INCREMENT=26;

--
-- AUTO_INCREMENT for table `likes_likeditem`
--
ALTER TABLE `likes_likeditem`
  MODIFY `id` bigint(20) NOT NULL AUTO_INCREMENT;

--
-- AUTO_INCREMENT for table `store_address`
--
ALTER TABLE `store_address`
  MODIFY `id` bigint(20) NOT NULL AUTO_INCREMENT;

--
-- AUTO_INCREMENT for table `store_cart`
--
ALTER TABLE `store_cart`
  MODIFY `id` bigint(20) NOT NULL AUTO_INCREMENT;

--
-- AUTO_INCREMENT for table `store_cartitem`
--
ALTER TABLE `store_cartitem`
  MODIFY `id` bigint(20) NOT NULL AUTO_INCREMENT;

--
-- AUTO_INCREMENT for table `store_collection`
--
ALTER TABLE `store_collection`
  MODIFY `id` bigint(20) NOT NULL AUTO_INCREMENT, AUTO_INCREMENT=2;

--
-- AUTO_INCREMENT for table `store_customer`
--
ALTER TABLE `store_customer`
  MODIFY `id` bigint(20) NOT NULL AUTO_INCREMENT, AUTO_INCREMENT=1001;

--
-- AUTO_INCREMENT for table `store_order`
--
ALTER TABLE `store_order`
  MODIFY `id` bigint(20) NOT NULL AUTO_INCREMENT;

--
-- AUTO_INCREMENT for table `store_orderitem`
--
ALTER TABLE `store_orderitem`
  MODIFY `id` bigint(20) NOT NULL AUTO_INCREMENT;

--
-- AUTO_INCREMENT for table `store_product_promotions`
--
ALTER TABLE `store_product_promotions`
  MODIFY `id` bigint(20) NOT NULL AUTO_INCREMENT;

--
-- AUTO_INCREMENT for table `store_promotion`
--
ALTER TABLE `store_promotion`
  MODIFY `id` bigint(20) NOT NULL AUTO_INCREMENT;

--
-- AUTO_INCREMENT for table `tags_tag`
--
ALTER TABLE `tags_tag`
  MODIFY `id` bigint(20) NOT NULL AUTO_INCREMENT;

--
-- AUTO_INCREMENT for table `tags_taggeditem`
--
ALTER TABLE `tags_taggeditem`
  MODIFY `id` bigint(20) NOT NULL AUTO_INCREMENT;

--
-- Constraints for dumped tables
--

--
-- Constraints for table `auth_group_permissions`
--
ALTER TABLE `auth_group_permissions`
  ADD CONSTRAINT `auth_group_permissio_permission_id_84c5c92e_fk_auth_perm` FOREIGN KEY (`permission_id`) REFERENCES `auth_permission` (`id`),
  ADD CONSTRAINT `auth_group_permissions_group_id_b120cbf9_fk_auth_group_id` FOREIGN KEY (`group_id`) REFERENCES `auth_group` (`id`);

--
-- Constraints for table `auth_permission`
--
ALTER TABLE `auth_permission`
  ADD CONSTRAINT `auth_permission_content_type_id_2f476e4b_fk_django_co` FOREIGN KEY (`content_type_id`) REFERENCES `django_content_type` (`id`);

--
-- Constraints for table `auth_user_groups`
--
ALTER TABLE `auth_user_groups`
  ADD CONSTRAINT `auth_user_groups_group_id_97559544_fk_auth_group_id` FOREIGN KEY (`group_id`) REFERENCES `auth_group` (`id`),
  ADD CONSTRAINT `auth_user_groups_user_id_6a12ed8b_fk_auth_user_id` FOREIGN KEY (`user_id`) REFERENCES `auth_user` (`id`);

--
-- Constraints for table `auth_user_user_permissions`
--
ALTER TABLE `auth_user_user_permissions`
  ADD CONSTRAINT `auth_user_user_permi_permission_id_1fbb5f2c_fk_auth_perm` FOREIGN KEY (`permission_id`) REFERENCES `auth_permission` (`id`),
  ADD CONSTRAINT `auth_user_user_permissions_user_id_a95ead1b_fk_auth_user_id` FOREIGN KEY (`user_id`) REFERENCES `auth_user` (`id`);

--
-- Constraints for table `django_admin_log`
--
ALTER TABLE `django_admin_log`
  ADD CONSTRAINT `django_admin_log_content_type_id_c4bce8eb_fk_django_co` FOREIGN KEY (`content_type_id`) REFERENCES `django_content_type` (`id`),
  ADD CONSTRAINT `django_admin_log_user_id_c564eba6_fk_auth_user_id` FOREIGN KEY (`user_id`) REFERENCES `auth_user` (`id`);

--
-- Constraints for table `likes_likeditem`
--
ALTER TABLE `likes_likeditem`
  ADD CONSTRAINT `likes_likeditem_content_type_id_7ab8ca5f_fk_django_co` FOREIGN KEY (`content_type_id`) REFERENCES `django_content_type` (`id`),
  ADD CONSTRAINT `likes_likeditem_user_id_0c3dca35_fk_auth_user_id` FOREIGN KEY (`user_id`) REFERENCES `auth_user` (`id`);

--
-- Constraints for table `store_address`
--
ALTER TABLE `store_address`
  ADD CONSTRAINT `store_address_customer_id_080cf871_fk_store_customer_id` FOREIGN KEY (`customer_id`) REFERENCES `store_customer` (`id`);

--
-- Constraints for table `store_cartitem`
--
ALTER TABLE `store_cartitem`
  ADD CONSTRAINT `store_cartitem_cart_id_4f60ac05_fk_store_cart_id` FOREIGN KEY (`cart_id`) REFERENCES `store_cart` (`id`),
  ADD CONSTRAINT `store_cartitem_product_id_4238d443_fk_store_product_sku` FOREIGN KEY (`product_id`) REFERENCES `store_product` (`sku`);

--
-- Constraints for table `store_collection`
--
ALTER TABLE `store_collection`
  ADD CONSTRAINT `store_collection_featured_product_id_001d6455_fk_store_pro` FOREIGN KEY (`featured_product_id`) REFERENCES `store_product` (`sku`);

--
-- Constraints for table `store_order`
--
ALTER TABLE `store_order`
  ADD CONSTRAINT `store_order_customer_id_13d6d43e_fk_store_customer_id` FOREIGN KEY (`customer_id`) REFERENCES `store_customer` (`id`);

--
-- Constraints for table `store_orderitem`
--
ALTER TABLE `store_orderitem`
  ADD CONSTRAINT `store_orderitem_order_id_acf8722d_fk_store_order_id` FOREIGN KEY (`order_id`) REFERENCES `store_order` (`id`),
  ADD CONSTRAINT `store_orderitem_product_id_f2b098d4_fk_store_product_sku` FOREIGN KEY (`product_id`) REFERENCES `store_product` (`sku`);

--
-- Constraints for table `store_product`
--
ALTER TABLE `store_product`
  ADD CONSTRAINT `store_product_collection_id_2914d2ba_fk_store_collection_id` FOREIGN KEY (`collection_id`) REFERENCES `store_collection` (`id`);

--
-- Constraints for table `store_product_promotions`
--
ALTER TABLE `store_product_promotions`
  ADD CONSTRAINT `store_product_promot_product_id_c302ec3a_fk_store_pro` FOREIGN KEY (`product_id`) REFERENCES `store_product` (`sku`),
  ADD CONSTRAINT `store_product_promot_promotion_id_4bd05cf2_fk_store_pro` FOREIGN KEY (`promotion_id`) REFERENCES `store_promotion` (`id`);

--
-- Constraints for table `tags_taggeditem`
--
ALTER TABLE `tags_taggeditem`
  ADD CONSTRAINT `tags_taggeditem_content_type_id_03c84c71_fk_django_co` FOREIGN KEY (`content_type_id`) REFERENCES `django_content_type` (`id`),
  ADD CONSTRAINT `tags_taggeditem_tag_id_31864f91_fk_tags_tag_id` FOREIGN KEY (`tag_id`) REFERENCES `tags_tag` (`id`);
COMMIT;

/*!40101 SET CHARACTER_SET_CLIENT=@OLD_CHARACTER_SET_CLIENT */;
/*!40101 SET CHARACTER_SET_RESULTS=@OLD_CHARACTER_SET_RESULTS */;
/*!40101 SET COLLATION_CONNECTION=@OLD_COLLATION_CONNECTION */;
